t_s,ecg_mv
0.0000,0.0573
0.0040,0.1061
0.0080,0.0792
0.0120,0.0490
0.0160,0.0451
0.0200,0.0829
0.0240,0.0952
0.0280,0.1022
0.0320,0.0709
0.0360,0.0525
0.0400,0.0485
0.0440,0.0877
0.0480,0.0734
0.0520,0.0588
0.0560,0.0629
0.0600,0.0832
0.0640,0.0510
0.0680,0.0719
0.0720,0.0389
0.0760,0.0628
0.0800,0.0657
0.0840,0.0787
0.0880,0.0729
0.0920,0.0555
0.0960,0.0599
0.1000,0.0733
0.1040,0.0712
0.1080,0.0670
0.1120,0.0520
0.1160,0.0715
0.1200,0.0904
0.1240,0.1017
0.1280,0.0834
0.1320,0.0679
0.1360,0.0574
0.1400,0.0993
0.1440,0.1037
0.1480,0.0735
0.1520,0.1126
0.1560,0.1060
0.1600,0.1317
0.1640,0.1558
0.1680,0.1655
0.1720,0.1950
0.1760,0.1612
0.1800,0.2042
0.1840,0.2160
0.1880,0.2505
0.1920,0.1854
0.1960,0.1979
0.2000,0.1793
0.2040,0.2080
0.2080,0.1916
0.2120,0.1804
0.2160,0.1163
0.2200,0.1315
0.2240,0.1050
0.2280,0.1180
0.2320,0.1014
0.2360,0.1088
0.2400,0.1096
0.2440,0.1069
0.2480,0.1233
0.2520,0.0986
0.2560,0.0663
0.2600,0.0689
0.2640,0.1103
0.2680,0.1075
0.2720,0.1233
0.2760,0.1101
0.2800,0.1058
0.2840,0.1183
0.2880,0.1332
0.2920,0.1082
0.2960,0.0772
0.3000,0.0955
0.3040,0.0513
0.3080,0.0468
0.3120,0.0237
0.3160,0.0049
0.3200,0.0474
0.3240,0.1030
0.3280,0.1973
0.3320,0.3017
0.3360,0.4565
0.3400,0.7194
0.3440,0.9415
0.3480,1.0684
0.3520,1.1061
0.3560,0.9157
0.3600,0.7121
0.3640,0.4483
0.3680,0.2059
0.3720,0.0919
0.3760,-0.0863
0.3800,-0.0899
0.3840,-0.0576
0.3880,-0.0266
0.3920,0.0248
0.3960,0.0755
0.4000,0.1038
0.4040,0.1068
0.4080,0.1077
0.4120,0.1179
0.4160,0.1194
0.4200,0.1069
0.4240,0.1477
0.4280,0.1143
0.4320,0.1290
0.4360,0.1118
0.4400,0.1076
0.4440,0.1472
0.4480,0.1575
0.4520,0.1028
0.4560,0.1067
0.4600,0.1046
0.4640,0.1492
0.4680,0.1175
0.4720,0.1168
0.4760,0.0848
0.4800,0.1582
0.4840,0.1081
0.4880,0.1411
0.4920,0.1285
0.4960,0.1379
0.5000,0.1449
0.5040,0.1476
0.5080,0.1388
0.5120,0.1421
0.5160,0.1613
0.5200,0.1638
0.5240,0.1806
0.5280,0.1815
0.5320,0.1962
0.5360,0.2223
0.5400,0.2378
0.5440,0.2663
0.5480,0.2484
0.5520,0.2633
0.5560,0.2732
0.5600,0.2952
0.5640,0.3499
0.5680,0.3438
0.5720,0.3555
0.5760,0.3706
0.5800,0.3844
0.5840,0.4256
0.5880,0.4428
0.5920,0.4274
0.5960,0.4141
0.6000,0.4502
0.6040,0.4437
0.6080,0.4420
0.6120,0.4105
0.6160,0.4004
0.6200,0.4149
0.6240,0.3901
0.6280,0.4025
0.6320,0.3624
0.6360,0.3822
0.6400,0.3593
0.6440,0.3406
0.6480,0.3212
0.6520,0.2913
0.6560,0.2914
0.6600,0.2512
0.6640,0.2460
0.6680,0.2553
0.6720,0.2110
0.6760,0.2174
0.6800,0.1843
0.6840,0.1960
0.6880,0.1824
0.6920,0.1815
0.6960,0.1583
0.7000,0.1643
0.7040,0.1860
0.7080,0.1853
0.7120,0.1368
0.7160,0.1427
0.7200,0.1633
0.7240,0.1593
0.7280,0.1515
0.7320,0.1947
0.7360,0.1468
0.7400,0.1240
0.7440,0.1903
0.7480,0.1353
0.7520,0.1455
0.7560,0.1112
0.7600,0.1727
0.7640,0.1209
0.7680,0.1657
0.7720,0.1564
0.7760,0.1657
0.7800,0.1162
0.7840,0.1510
0.7880,0.1390
0.7920,0.1577
0.7960,0.1003
0.8000,0.1734
0.8040,0.1706
0.8080,0.1566
0.8120,0.1725
0.8160,0.1549
0.8200,0.1551
0.8240,0.1922
0.8280,0.1639
0.8320,0.1414
0.8360,0.1416
0.8400,0.1539
0.8440,0.1563
0.8480,0.1502
0.8520,0.1473
0.8560,0.1541
0.8600,0.1568
0.8640,0.1645
0.8680,0.1527
0.8720,0.1542
0.8760,0.1136
0.8800,0.1530
0.8840,0.1805
0.8880,0.1714
0.8920,0.1177
0.8960,0.1259
0.9000,0.1594
0.9040,0.1396
0.9080,0.1537
0.9120,0.1394
0.9160,0.1429
0.9200,0.1446
0.9240,0.1537
0.9280,0.1735
0.9320,0.1511
0.9360,0.1729
0.9400,0.1267
0.9440,0.1675
0.9480,0.1401
0.9520,0.1427
0.9560,0.1297
0.9600,0.1398
0.9640,0.1867
0.9680,0.1577
0.9720,0.1430
0.9760,0.1266
0.9800,0.1542
0.9840,0.1392
0.9880,0.1693
0.9920,0.1448
0.9960,0.1022
1.0000,0.1807
1.0040,0.1382
1.0080,0.1965
1.0120,0.1519
1.0160,0.1593
1.0200,0.1351
1.0240,0.1544
1.0280,0.1610
1.0320,0.1454
1.0360,0.1739
1.0400,0.1411
1.0440,0.2026
1.0480,0.1963
1.0520,0.1949
1.0560,0.2127
1.0600,0.2472
1.0640,0.2676
1.0680,0.2552
1.0720,0.2654
1.0760,0.2514
1.0800,0.2558
1.0840,0.2642
1.0880,0.2547
1.0920,0.2271
1.0960,0.2356
1.1000,0.2345
1.1040,0.2398
1.1080,0.1919
1.1120,0.1667
1.1160,0.1514
1.1200,0.1692
1.1240,0.1590
1.1280,0.1372
1.1320,0.1494
1.1360,0.1166
1.1400,0.1027
1.1440,0.1572
1.1480,0.1408
1.1520,0.1237
1.1560,0.1362
1.1600,0.1241
1.1640,0.1624
1.1680,0.1572
1.1720,0.1459
1.1760,0.1218
1.1800,0.1454
1.1840,0.1671
1.1880,0.1475
1.1920,0.0628
1.1960,0.0494
1.2000,0.0191
1.2040,0.0631
1.2080,0.1048
1.2120,0.1461
1.2160,0.2462
1.2200,0.4030
1.2240,0.6322
1.2280,0.8717
1.2320,1.0505
1.2360,1.1301
1.2400,1.0697
1.2440,0.8687
1.2480,0.6192
1.2520,0.3322
1.2560,0.1779
1.2600,-0.0079
1.2640,-0.0541
1.2680,-0.0609
1.2720,-0.0979
1.2760,-0.0006
1.2800,0.0714
1.2840,0.1292
1.2880,0.1441
1.2920,0.1286
1.2960,0.1096
1.3000,0.1444
1.3040,0.1526
1.3080,0.1623
1.3120,0.1224
1.3160,0.1413
1.3200,0.1188
1.3240,0.1467
1.3280,0.1664
1.3320,0.1184
1.3360,0.1281
1.3400,0.1283
1.3440,0.1391
1.3480,0.1651
1.3520,0.1009
1.3560,0.1217
1.3600,0.1374
1.3640,0.1523
1.3680,0.1634
1.3720,0.1247
1.3760,0.1249
1.3800,0.1208
1.3840,0.1410
1.3880,0.1302
1.3920,0.1584
1.3960,0.1570
1.4000,0.1782
1.4040,0.1673
1.4080,0.1763
1.4120,0.1902
1.4160,0.1769
1.4200,0.2007
1.4240,0.2543
1.4280,0.2318
1.4320,0.2511
1.4360,0.2426
1.4400,0.2920
1.4440,0.3211
1.4480,0.3340
1.4520,0.3325
1.4560,0.3218
1.4600,0.3535
1.4640,0.4019
1.4680,0.4206
1.4720,0.4245
1.4760,0.3915
1.4800,0.4051
1.4840,0.4469
1.4880,0.4281
1.4920,0.3898
1.4960,0.3866
1.5000,0.4255
1.5040,0.3960
1.5080,0.4033
1.5120,0.3635
1.5160,0.3327
1.5200,0.3422
1.5240,0.3031
1.5280,0.2870
1.5320,0.2857
1.5360,0.2481
1.5400,0.2351
1.5440,0.2388
1.5480,0.2322
1.5520,0.1826
1.5560,0.1428
1.5600,0.1509
1.5640,0.1606
1.5680,0.1760
1.5720,0.1232
1.5760,0.1324
1.5800,0.1328
1.5840,0.1281
1.5880,0.1252
1.5920,0.1230
1.5960,0.0790
1.6000,0.1106
1.6040,0.1359
1.6080,0.1020
1.6120,0.1374
1.6160,0.1125
1.6200,0.1067
1.6240,0.1152
1.6280,0.1124
1.6320,0.1036
1.6360,0.1092
1.6400,0.0890
1.6440,0.0813
1.6480,0.1181
1.6520,0.0739
1.6560,0.0810
1.6600,0.1076
1.6640,0.1119
1.6680,0.1361
1.6720,0.0996
1.6760,0.0815
1.6800,0.0885
1.6840,0.1026
1.6880,0.1274
1.6920,0.0720
1.6960,0.0941
1.7000,0.0775
1.7040,0.0986
1.7080,0.1087
1.7120,0.0773
1.7160,0.0877
1.7200,0.0891
1.7240,0.0977
1.7280,0.1018
1.7320,0.0999
1.7360,0.0357
1.7400,0.0741
1.7440,0.0960
1.7480,0.1237
1.7520,0.0403
1.7560,0.0947
1.7600,0.0779
1.7640,0.0804
1.7680,0.1068
1.7720,0.0766
1.7760,0.0444
1.7800,0.0554
1.7840,0.0915
1.7880,0.0789
1.7920,0.0932
1.7960,0.0833
1.8000,0.0759
1.8040,0.0904
1.8080,0.0648
1.8120,0.0757
1.8160,0.0658
1.8200,0.0873
1.8240,0.0964
1.8280,0.1087
1.8320,0.0456
1.8360,0.0665
1.8400,0.0524
1.8440,0.0683
1.8480,0.0553
1.8520,0.0685
1.8560,0.0666
1.8600,0.0638
1.8640,0.0814
1.8680,0.0931
1.8720,0.0466
1.8760,0.0417
1.8800,0.0718
1.8840,0.0496
1.8880,0.0980
1.8920,0.0733
1.8960,0.0654
1.9000,0.0961
1.9040,0.0944
1.9080,0.1019
1.9120,0.0727
1.9160,0.1118
1.9200,0.1145
1.9240,0.1648
1.9280,0.1834
1.9320,0.1740
1.9360,0.1705
1.9400,0.1504
1.9440,0.1772
1.9480,0.1792
1.9520,0.1456
1.9560,0.1105
1.9600,0.0847
1.9640,0.1126
1.9680,0.1142
1.9720,0.1095
1.9760,0.1102
1.9800,0.0966
1.9840,0.0816
1.9880,0.0604
1.9920,0.0250
1.9960,0.0362
2.0000,0.0585
2.0040,0.0425
2.0080,0.0288
2.0120,0.0287
2.0160,0.0652
2.0200,0.0363
2.0240,0.0490
2.0280,0.0402
2.0320,0.0150
2.0360,0.0096
2.0400,0.0288
2.0440,0.0200
2.0480,-0.0142
2.0520,-0.0311
2.0560,-0.0601
2.0600,-0.0350
2.0640,-0.0112
2.0680,0.0170
2.0720,0.0303
2.0760,0.1215
2.0800,0.3426
2.0840,0.5867
2.0880,0.7710
2.0920,0.9347
2.0960,1.0133
2.1000,0.9433
2.1040,0.7447
2.1080,0.4493
2.1120,0.2071
2.1160,0.0140
2.1200,-0.0940
2.1240,-0.1588
2.1280,-0.1900
2.1320,-0.1513
2.1360,-0.1194
2.1400,-0.0356
2.1440,-0.0120
2.1480,0.0195
2.1520,0.0095
2.1560,0.0142
2.1600,0.0347
2.1640,0.0085
2.1680,0.0081
2.1720,0.0159
2.1760,-0.0048
2.1800,-0.0061
2.1840,0.0266
2.1880,0.0081
2.1920,-0.0154
2.1960,0.0005
2.2000,0.0074
2.2040,0.0109
2.2080,0.0100
2.2120,-0.0027
2.2160,0.0027
2.2200,0.0099
2.2240,-0.0053
2.2280,0.0378
2.2320,0.0149
2.2360,0.0136
2.2400,0.0084
2.2440,0.0310
2.2480,0.0239
2.2520,0.0180
2.2560,0.0323
2.2600,0.0301
2.2640,0.0380
2.2680,0.0651
2.2720,0.0652
2.2760,0.0521
2.2800,0.0690
2.2840,0.1203
2.2880,0.1050
2.2920,0.1439
2.2960,0.1378
2.3000,0.1836
2.3040,0.1849
2.3080,0.1933
2.3120,0.2161
2.3160,0.2125
2.3200,0.2161
2.3240,0.2503
2.3280,0.2932
2.3320,0.2547
2.3360,0.2646
2.3400,0.2723
2.3440,0.2937
2.3480,0.2667
2.3520,0.2718
2.3560,0.2597
2.3600,0.2442
2.3640,0.2548
2.3680,0.2182
2.3720,0.2114
2.3760,0.1548
2.3800,0.1707
2.3840,0.1560
2.3880,0.1434
2.3920,0.1027
2.3960,0.0980
2.4000,0.0937
2.4040,0.0790
2.4080,0.0661
2.4120,0.0510
2.4160,0.0441
2.4200,0.0353
2.4240,0.0308
2.4280,0.0177
2.4320,-0.0098
2.4360,-0.0208
2.4400,-0.0263
2.4440,-0.0038
2.4480,-0.0303
2.4520,-0.0544
2.4560,-0.0461
2.4600,-0.0361
2.4640,-0.0094
2.4680,-0.0315
2.4720,-0.0461
2.4760,-0.0158
2.4800,-0.0399
2.4840,-0.0248
2.4880,-0.0427
2.4920,-0.0614
2.4960,-0.0571
2.5000,-0.0468
2.5040,-0.0384
2.5080,-0.0598
2.5120,-0.0297
2.5160,-0.0662
2.5200,-0.0546
2.5240,-0.0474
2.5280,-0.0321
2.5320,-0.0379
2.5360,-0.0615
2.5400,-0.0537
2.5440,-0.0550
2.5480,-0.0358
2.5520,-0.0453
2.5560,-0.0725
2.5600,-0.0625
2.5640,-0.0548
2.5680,-0.0642
2.5720,-0.0981
2.5760,-0.0562
2.5800,-0.0576
2.5840,-0.0353
2.5880,-0.0604
2.5920,-0.0894
2.5960,-0.0480
2.6000,-0.0574
2.6040,-0.0528
2.6080,-0.0679
2.6120,-0.0506
2.6160,-0.0584
2.6200,-0.0544
2.6240,-0.0710
2.6280,-0.0790
2.6320,-0.0663
2.6360,-0.0540
2.6400,-0.0882
2.6440,-0.0489
2.6480,-0.0834
2.6520,-0.0900
2.6560,-0.1013
2.6600,-0.0505
2.6640,-0.0560
2.6680,-0.0622
2.6720,-0.0961
2.6760,-0.0765
2.6800,-0.0952
2.6840,-0.0489
2.6880,-0.0861
2.6920,-0.0537
2.6960,-0.0826
2.7000,-0.0953
2.7040,-0.0755
2.7080,-0.0661
2.7120,-0.0934
2.7160,-0.0921
2.7200,-0.0841
2.7240,-0.0600
2.7280,-0.0597
2.7320,-0.0977
2.7360,-0.0555
2.7400,-0.1119
2.7440,-0.0569
2.7480,-0.0837
2.7520,-0.0496
2.7560,-0.0599
2.7600,-0.0408
2.7640,-0.0608
2.7680,-0.0381
2.7720,-0.0211
2.7760,0.0044
2.7800,0.0067
2.7840,0.0169
2.7880,0.0304
2.7920,0.0010
2.7960,0.0245
2.8000,0.0239
2.8040,0.0398
2.8080,0.0082
2.8120,-0.0000
2.8160,-0.0417
2.8200,-0.0179
2.8240,-0.0275
2.8280,-0.0595
2.8320,-0.0627
2.8360,-0.0973
2.8400,-0.0593
2.8440,-0.0757
2.8480,-0.0937
2.8520,-0.0934
2.8560,-0.0881
2.8600,-0.0945
2.8640,-0.0954
2.8680,-0.1044
2.8720,-0.0754
2.8760,-0.1083
2.8800,-0.0743
2.8840,-0.0979
2.8880,-0.0864
2.8920,-0.0945
2.8960,-0.1548
2.9000,-0.1445
2.9040,-0.2099
2.9080,-0.2018
2.9120,-0.1586
2.9160,-0.1630
2.9200,-0.0947
2.9240,-0.0070
2.9280,0.1402
2.9320,0.3321
2.9360,0.5947
2.9400,0.7895
2.9440,0.8968
2.9480,0.8477
2.9520,0.6658
2.9560,0.3755
2.9600,0.1433
2.9640,-0.0580
2.9680,-0.2031
2.9720,-0.2951
2.9760,-0.3228
2.9800,-0.2852
2.9840,-0.2247
2.9880,-0.1744
2.9920,-0.1607
2.9960,-0.1572
3.0000,-0.1010
3.0040,-0.1218
3.0080,-0.1245
3.0120,-0.1266
3.0160,-0.1353
3.0200,-0.1091
3.0240,-0.1075
3.0280,-0.1047
3.0320,-0.1081
3.0360,-0.1167
3.0400,-0.1405
3.0440,-0.1107
3.0480,-0.1069
3.0520,-0.1386
3.0560,-0.1351
3.0600,-0.0904
3.0640,-0.0919
3.0680,-0.1338
3.0720,-0.1283
3.0760,-0.1141
3.0800,-0.1067
3.0840,-0.0934
3.0880,-0.0976
3.0920,-0.1145
3.0960,-0.1157
3.1000,-0.1068
3.1040,-0.0880
3.1080,-0.0783
3.1120,-0.0635
3.1160,-0.0620
3.1200,-0.0526
3.1240,-0.0024
3.1280,-0.0093
3.1320,0.0080
3.1360,0.0099
3.1400,0.0500
3.1440,0.0797
3.1480,0.1156
3.1520,0.0631
3.1560,0.0860
3.1600,0.1432
3.1640,0.1608
3.1680,0.1741
3.1720,0.1203
3.1760,0.1489
3.1800,0.1840
3.1840,0.1667
3.1880,0.1552
3.1920,0.2017
3.1960,0.1317
3.2000,0.1432
3.2040,0.1426
3.2080,0.1458
3.2120,0.0888
3.2160,0.0579
3.2200,0.0654
3.2240,0.0325
3.2280,0.0526
3.2320,-0.0159
3.2360,-0.0220
3.2400,-0.0132
3.2440,-0.0300
3.2480,-0.0625
3.2520,-0.0649
3.2560,-0.0924
3.2600,-0.0904
3.2640,-0.0994
3.2680,-0.0930
3.2720,-0.1150
3.2760,-0.1519
3.2800,-0.1028
3.2840,-0.1049
3.2880,-0.1228
3.2920,-0.1191
3.2960,-0.1747
3.3000,-0.1258
3.3040,-0.1183
3.3080,-0.1230
3.3120,-0.1463
3.3160,-0.1663
3.3200,-0.1578
3.3240,-0.1245
3.3280,-0.1381
3.3320,-0.1362
3.3360,-0.1461
3.3400,-0.1581
3.3440,-0.1196
3.3480,-0.1204
3.3520,-0.1401
3.3560,-0.1556
3.3600,-0.1343
3.3640,-0.1420
3.3680,-0.1169
3.3720,-0.1585
3.3760,-0.1492
3.3800,-0.1520
3.3840,-0.1392
3.3880,-0.0988
3.3920,-0.1632
3.3960,-0.1496
3.4000,-0.1340
3.4040,-0.1197
3.4080,-0.1339
3.4120,-0.1608
3.4160,-0.1140
3.4200,-0.1343
3.4240,-0.1204
3.4280,-0.1387
3.4320,-0.1500
3.4360,-0.1784
3.4400,-0.1315
3.4440,-0.1360
3.4480,-0.1338
3.4520,-0.1311
3.4560,-0.1640
3.4600,-0.1341
3.4640,-0.1203
3.4680,-0.1192
3.4720,-0.1516
3.4760,-0.1703
3.4800,-0.1577
3.4840,-0.1466
3.4880,-0.1274
3.4920,-0.1415
3.4960,-0.1583
3.5000,-0.1480
3.5040,-0.1458
3.5080,-0.1514
3.5120,-0.1288
3.5160,-0.1449
3.5200,-0.1270
3.5240,-0.1198
3.5280,-0.1004
3.5320,-0.0993
3.5360,-0.1063
3.5400,-0.0614
3.5440,-0.0639
3.5480,-0.0602
3.5520,-0.0312
3.5560,-0.0364
3.5600,-0.0304
3.5640,-0.0059
3.5680,-0.0178
3.5720,-0.0141
3.5760,-0.0530
3.5800,-0.0344
3.5840,-0.0371
3.5880,-0.0654
3.5920,-0.0862
3.5960,-0.0918
3.6000,-0.1191
3.6040,-0.0967
3.6080,-0.1258
3.6120,-0.1506
3.6160,-0.1342
3.6200,-0.1394
3.6240,-0.1402
3.6280,-0.1380
3.6320,-0.1802
3.6360,-0.1528
3.6400,-0.1561
3.6440,-0.1421
3.6480,-0.1676
3.6520,-0.1295
3.6560,-0.1473
3.6600,-0.1465
3.6640,-0.1480
3.6680,-0.1756
3.6720,-0.1949
3.6760,-0.1759
3.6800,-0.2672
3.6840,-0.2076
3.6880,-0.2389
3.6920,-0.2132
3.6960,-0.1589
3.7000,-0.1024
3.7040,0.0350
3.7080,0.1906
3.7120,0.4506
3.7160,0.6964
3.7200,0.8480
3.7240,0.8343
3.7280,0.7365
3.7320,0.4557
3.7360,0.2126
3.7400,-0.0003
3.7440,-0.1741
3.7480,-0.2807
3.7520,-0.3605
3.7560,-0.3286
3.7600,-0.3131
3.7640,-0.1834
3.7680,-0.1780
3.7720,-0.1816
3.7760,-0.1242
3.7800,-0.1445
3.7840,-0.1302
3.7880,-0.1415
3.7920,-0.1682
3.7960,-0.1556
3.8000,-0.1203
3.8040,-0.1119
3.8080,-0.1368
3.8120,-0.1695
3.8160,-0.1147
3.8200,-0.1251
3.8240,-0.1198
3.8280,-0.1255
3.8320,-0.1449
3.8360,-0.1178
3.8400,-0.1497
3.8440,-0.1382
3.8480,-0.1444
3.8520,-0.1339
3.8560,-0.1435
3.8600,-0.1525
3.8640,-0.1133
3.8680,-0.1126
3.8720,-0.0969
3.8760,-0.1103
3.8800,-0.1122
3.8840,-0.0886
3.8880,-0.1033
3.8920,-0.0969
3.8960,-0.1083
3.9000,-0.0650
3.9040,-0.0320
3.9080,-0.0413
3.9120,-0.0023
3.9160,-0.0270
3.9200,0.0152
3.9240,0.0448
3.9280,0.0441
3.9320,0.0409
3.9360,0.0656
3.9400,0.0871
3.9440,0.1076
3.9480,0.1416
3.9520,0.1247
3.9560,0.1578
3.9600,0.1378
3.9640,0.1782
3.9680,0.1606
3.9720,0.1769
3.9760,0.1586
3.9800,0.1703
3.9840,0.1615
3.9880,0.1695
3.9920,0.1664
3.9960,0.1235
4.0000,0.0843
4.0040,0.0802
4.0080,0.0657
4.0120,0.0475
4.0160,0.0290
4.0200,0.0438
4.0240,0.0297
4.0280,0.0050
4.0320,-0.0313
4.0360,-0.0185
4.0400,-0.0290
4.0440,-0.0395
4.0480,-0.0614
4.0520,-0.0835
4.0560,-0.0972
4.0600,-0.0694
4.0640,-0.0970
4.0680,-0.0762
4.0720,-0.0993
4.0760,-0.0930
4.0800,-0.1165
4.0840,-0.1018
4.0880,-0.0892
4.0920,-0.1386
4.0960,-0.1409
4.1000,-0.1041
4.1040,-0.0877
4.1080,-0.0911
4.1120,-0.0763
4.1160,-0.1066
4.1200,-0.1039
4.1240,-0.1058
4.1280,-0.0971
4.1320,-0.1042
4.1360,-0.1155
4.1400,-0.1303
4.1440,-0.1177
4.1480,-0.1158
4.1520,-0.1241
4.1560,-0.1384
4.1600,-0.1120
4.1640,-0.0907
4.1680,-0.0910
4.1720,-0.1042
4.1760,-0.0842
4.1800,-0.1025
4.1840,-0.0817
4.1880,-0.0901
4.1920,-0.1259
4.1960,-0.1070
4.2000,-0.1229
4.2040,-0.1149
4.2080,-0.1272
4.2120,-0.0931
4.2160,-0.0997
4.2200,-0.1115
4.2240,-0.1011
4.2280,-0.0714
4.2320,-0.1238
4.2360,-0.1004
4.2400,-0.0940
4.2440,-0.0920
4.2480,-0.1074
4.2520,-0.0848
4.2560,-0.1195
4.2600,-0.1230
4.2640,-0.0915
4.2680,-0.0663
4.2720,-0.1170
4.2760,-0.1337
4.2800,-0.1189
4.2840,-0.1008
4.2880,-0.0587
4.2920,-0.0865
4.2960,-0.1053
4.3000,-0.0419
4.3040,-0.0834
4.3080,-0.0985
4.3120,-0.0866
4.3160,-0.0774
4.3200,-0.0815
4.3240,-0.0689
4.3280,-0.0716
4.3320,-0.1228
4.3360,-0.0936
4.3400,-0.0562
4.3440,-0.1000
4.3480,-0.0693
4.3520,-0.0732
4.3560,-0.0892
4.3600,-0.0502
4.3640,-0.0757
4.3680,-0.0573
4.3720,-0.0655
4.3760,-0.0816
4.3800,-0.0645
4.3840,-0.0383
4.3880,-0.0212
4.3920,-0.0228
4.3960,0.0197
4.4000,0.0123
4.4040,0.0664
4.4080,0.0009
4.4120,0.0555
4.4160,0.0365
4.4200,0.0485
4.4240,0.0471
4.4280,0.0267
4.4320,-0.0120
4.4360,-0.0038
4.4400,-0.0289
4.4440,-0.0278
4.4480,-0.0060
4.4520,-0.0508
4.4560,-0.0804
4.4600,-0.0372
4.4640,-0.0364
4.4680,-0.0472
4.4720,-0.0676
4.4760,-0.0616
4.4800,-0.0902
4.4840,-0.0799
4.4880,-0.0394
4.4920,-0.0676
4.4960,-0.0734
4.5000,-0.0640
4.5040,-0.0524
4.5080,-0.0482
4.5120,-0.1044
4.5160,-0.0446
4.5200,-0.0758
4.5240,-0.0464
4.5280,-0.1042
4.5320,-0.1276
4.5360,-0.1469
4.5400,-0.1381
4.5440,-0.1071
4.5480,-0.1058
4.5520,-0.0272
4.5560,0.0731
4.5600,0.2247
4.5640,0.4576
4.5680,0.6841
4.5720,0.8508
4.5760,0.9417
4.5800,0.8610
4.5840,0.6650
4.5880,0.3984
4.5920,0.1392
4.5960,-0.0430
4.6000,-0.1816
4.6040,-0.2337
4.6080,-0.2492
4.6120,-0.2302
4.6160,-0.1717
4.6200,-0.0950
4.6240,-0.0709
4.6280,-0.0437
4.6320,-0.0368
4.6360,-0.0500
4.6400,-0.0496
4.6440,-0.0161
4.6480,-0.0134
4.6520,-0.0257
4.6560,-0.0305
4.6600,-0.0394
4.6640,-0.0216
4.6680,-0.0092
4.6720,-0.0284
4.6760,-0.0406
4.6800,-0.0172
4.6840,-0.0236
4.6880,0.0027
4.6920,-0.0281
4.6960,-0.0271
4.7000,-0.0257
4.7040,-0.0501
4.7080,-0.0268
4.7120,-0.0386
4.7160,-0.0567
4.7200,-0.0063
4.7240,-0.0186
4.7280,-0.0496
4.7320,-0.0089
4.7360,-0.0006
4.7400,-0.0018
4.7440,0.0246
4.7480,0.0362
4.7520,0.0138
4.7560,0.0032
4.7600,0.0380
4.7640,0.0625
4.7680,0.0539
4.7720,0.0869
4.7760,0.0864
4.7800,0.1116
4.7840,0.1274
4.7880,0.1546
4.7920,0.1356
4.7960,0.1650
4.8000,0.2116
4.8040,0.2240
4.8080,0.2460
4.8120,0.2507
4.8160,0.2449
4.8200,0.3076
4.8240,0.2709
4.8280,0.2562
4.8320,0.2705
4.8360,0.2969
4.8400,0.2847
4.8440,0.2781
4.8480,0.2819
4.8520,0.2629
4.8560,0.2695
4.8600,0.2549
4.8640,0.2385
4.8680,0.2572
4.8720,0.2184
4.8760,0.1776
4.8800,0.1478
4.8840,0.1431
4.8880,0.1433
4.8920,0.1223
4.8960,0.0628
4.9000,0.0801
4.9040,0.1015
4.9080,0.0737
4.9120,0.0343
4.9160,0.0361
4.9200,0.0522
4.9240,0.0655
4.9280,0.0656
4.9320,-0.0074
4.9360,0.0081
4.9400,0.0237
4.9440,0.0418
4.9480,0.0318
4.9520,-0.0112
4.9560,0.0195
4.9600,-0.0021
4.9640,0.0285
4.9680,0.0175
4.9720,0.0129
4.9760,0.0066
4.9800,0.0496
4.9840,0.0383
4.9880,0.0366
4.9920,0.0017
4.9960,0.0214
5.0000,0.0189
5.0040,0.0201
5.0080,0.0128
5.0120,-0.0004
5.0160,-0.0102
5.0200,0.0357
5.0240,0.0072
5.0280,0.0338
5.0320,-0.0094
5.0360,0.0185
5.0400,0.0130
5.0440,0.0332
5.0480,-0.0055
5.0520,0.0275
5.0560,0.0215
5.0600,-0.0033
5.0640,0.0590
5.0680,0.0083
5.0720,0.0281
5.0760,0.0189
5.0800,0.0314
5.0840,0.0446
5.0880,0.0595
5.0920,0.0068
5.0960,-0.0003
5.1000,0.0164
5.1040,0.0559
5.1080,0.0413
5.1120,-0.0118
5.1160,0.0303
5.1200,0.0323
5.1240,0.0279
5.1280,0.0228
5.1320,0.0253
5.1360,0.0096
5.1400,0.0390
5.1440,0.0618
5.1480,0.0417
5.1520,0.0256
5.1560,0.0108
5.1600,0.0253
5.1640,0.0699
5.1680,0.0188
5.1720,0.0246
5.1760,0.0418
5.1800,0.0179
5.1840,0.0457
5.1880,0.0418
5.1920,0.0374
5.1960,0.0178
5.2000,0.0696
5.2040,0.0562
5.2080,0.0465
5.2120,0.0390
5.2160,0.0008
5.2200,0.0287
5.2240,0.0702
5.2280,0.0467
5.2320,0.0482
5.2360,0.0405
5.2400,0.0712
5.2440,0.0713
5.2480,0.0533
5.2520,0.0617
5.2560,0.0595
5.2600,0.0528
5.2640,0.0549
5.2680,0.0479
5.2720,0.0503
5.2760,0.0579
5.2800,0.0526
5.2840,0.0588
5.2880,0.0764
5.2920,0.0565
5.2960,0.0854
5.3000,0.0982
5.3040,0.1194
5.3080,0.1299
5.3120,0.0856
5.3160,0.1152
5.3200,0.1615
5.3240,0.1914
5.3280,0.1732
5.3320,0.1675
5.3360,0.1866
5.3400,0.1686
5.3440,0.1850
5.3480,0.1707
5.3520,0.1505
5.3560,0.1413
5.3600,0.1055
5.3640,0.1230
5.3680,0.1347
5.3720,0.0689
5.3760,0.0762
5.3800,0.0842
5.3840,0.0750
5.3880,0.0665
5.3920,0.0610
5.3960,0.0579
5.4000,0.0485
5.4040,0.0695
5.4080,0.0772
5.4120,0.0774
5.4160,0.0750
5.4200,0.0904
5.4240,0.0832
5.4280,0.1033
5.4320,0.0883
5.4360,0.0594
5.4400,0.0493
5.4440,0.0613
5.4480,0.0393
5.4520,-0.0084
5.4560,-0.0202
5.4600,-0.0174
5.4640,0.0082
5.4680,0.0318
5.4720,0.1340
5.4760,0.2218
5.4800,0.4135
5.4840,0.6538
5.4880,0.8671
5.4920,0.9955
5.4960,1.0763
5.5000,0.9535
5.5040,0.7252
5.5080,0.4740
5.5120,0.2299
5.5160,0.0515
5.5200,-0.0750
5.5240,-0.1313
5.5280,-0.1115
5.5320,-0.0859
5.5360,-0.0343
5.5400,0.0411
5.5440,0.0589
5.5480,0.0830
5.5520,0.0546
5.5560,0.0675
5.5600,0.0901
5.5640,0.1049
5.5680,0.1056
5.5720,0.1252
5.5760,0.0818
5.5800,0.0768
5.5840,0.0773
5.5880,0.0958
5.5920,0.0867
5.5960,0.0917
5.6000,0.1030
5.6040,0.0887
5.6080,0.0815
5.6120,0.0890
5.6160,0.0897
5.6200,0.1275
5.6240,0.0924
5.6280,0.0801
5.6320,0.0976
5.6360,0.1033
5.6400,0.0798
5.6440,0.1260
5.6480,0.1003
5.6520,0.1173
5.6560,0.1415
5.6600,0.1190
5.6640,0.1481
5.6680,0.1344
5.6720,0.1599
5.6760,0.1460
5.6800,0.1720
5.6840,0.2234
5.6880,0.1866
5.6920,0.2381
5.6960,0.2337
5.7000,0.2661
5.7040,0.3022
5.7080,0.2868
5.7120,0.3088
5.7160,0.3038
5.7200,0.3489
5.7240,0.3543
5.7280,0.3505
5.7320,0.3706
5.7360,0.3953
5.7400,0.3951
5.7440,0.3938
5.7480,0.4162
5.7520,0.3963
5.7560,0.4016
5.7600,0.3983
5.7640,0.3947
5.7680,0.3523
5.7720,0.3535
5.7760,0.3504
5.7800,0.3361
5.7840,0.3015
5.7880,0.2958
5.7920,0.2684
5.7960,0.2565
5.8000,0.2258
5.8040,0.2493
5.8080,0.1993
5.8120,0.1795
5.8160,0.1774
5.8200,0.1799
5.8240,0.1908
5.8280,0.1606
5.8320,0.1336
5.8360,0.1147
5.8400,0.1182
5.8440,0.1429
5.8480,0.1057
5.8520,0.1112
5.8560,0.1065
5.8600,0.1467
5.8640,0.1099
5.8680,0.1177
5.8720,0.1170
5.8760,0.0999
5.8800,0.1161
5.8840,0.1036
5.8880,0.1116
5.8920,0.0889
5.8960,0.0654
5.9000,0.1170
5.9040,0.1051
5.9080,0.1224
5.9120,0.1163
5.9160,0.0896
5.9200,0.1245
5.9240,0.1370
5.9280,0.0853
5.9320,0.1101
5.9360,0.0981
5.9400,0.1155
5.9440,0.0868
5.9480,0.1185
5.9520,0.0957
5.9560,0.1033
5.9600,0.1159
5.9640,0.1281
5.9680,0.0859
5.9720,0.0874
5.9760,0.0946
5.9800,0.1392
5.9840,0.1062
5.9880,0.1111
5.9920,0.1067
5.9960,0.1406
6.0000,0.1134
6.0040,0.1156
6.0080,0.1155
6.0120,0.1213
6.0160,0.1211
6.0200,0.1406
6.0240,0.1061
6.0280,0.1182
6.0320,0.1360
6.0360,0.0926
6.0400,0.1125
6.0440,0.1056
6.0480,0.0964
6.0520,0.1404
6.0560,0.0924
6.0600,0.1418
6.0640,0.1389
6.0680,0.0973
6.0720,0.1021
6.0760,0.0942
6.0800,0.0908
6.0840,0.1233
6.0880,0.1124
6.0920,0.1143
6.0960,0.0762
6.1000,0.1133
6.1040,0.1215
6.1080,0.1067
6.1120,0.1139
6.1160,0.1149
6.1200,0.1069
6.1240,0.1262
6.1280,0.1302
6.1320,0.0998
6.1360,0.0950
6.1400,0.0934
6.1440,0.1339
6.1480,0.0974
6.1520,0.1155
6.1560,0.1040
6.1600,0.1047
6.1640,0.1463
6.1680,0.1372
6.1720,0.1333
6.1760,0.1443
6.1800,0.1720
6.1840,0.1655
6.1880,0.2012
6.1920,0.1826
6.1960,0.1951
6.2000,0.2177
6.2040,0.2241
6.2080,0.2452
6.2120,0.2289
6.2160,0.2071
6.2200,0.2555
6.2240,0.2118
6.2280,0.2146
6.2320,0.1867
6.2360,0.1631
6.2400,0.1472
6.2440,0.1668
6.2480,0.1574
6.2520,0.1410
6.2560,0.1230
6.2600,0.1297
6.2640,0.1394
6.2680,0.1272
6.2720,0.0929
6.2760,0.1143
6.2800,0.1137
6.2840,0.1342
6.2880,0.1291
6.2920,0.0948
6.2960,0.1054
6.3000,0.0925
6.3040,0.1130
6.3080,0.1397
6.3120,0.1056
6.3160,0.0723
6.3200,0.0934
6.3240,0.0508
6.3280,0.0082
6.3320,0.0245
6.3360,0.0201
6.3400,0.0770
6.3440,0.1535
6.3480,0.2381
6.3520,0.3559
6.3560,0.5631
6.3600,0.8502
6.3640,1.0645
6.3680,1.0978
6.3720,1.0195
6.3760,0.8101
6.3800,0.5917
6.3840,0.3331
6.3880,0.1125
6.3920,0.0038
6.3960,-0.1000
6.4000,-0.0747
6.4040,-0.0382
6.4080,-0.0059
6.4120,0.0311
6.4160,0.0609
6.4200,0.1037
6.4240,0.1103
6.4280,0.1348
6.4320,0.1054
6.4360,0.1104
6.4400,0.1101
6.4440,0.1122
6.4480,0.1108
6.4520,0.1274
6.4560,0.0960
6.4600,0.0974
6.4640,0.1160
6.4680,0.1069
6.4720,0.0844
6.4760,0.1262
6.4800,0.1004
6.4840,0.1430
6.4880,0.1006
6.4920,0.1112
6.4960,0.1159
6.5000,0.1179
6.5040,0.0930
6.5080,0.1150
6.5120,0.1061
6.5160,0.1037
6.5200,0.1256
6.5240,0.1211
6.5280,0.1141
6.5320,0.1375
6.5360,0.1434
6.5400,0.1505
6.5440,0.1994
6.5480,0.1855
6.5520,0.2033
6.5560,0.1998
6.5600,0.2390
6.5640,0.2571
6.5680,0.2298
6.5720,0.2725
6.5760,0.2967
6.5800,0.3079
6.5840,0.3175
6.5880,0.3371
6.5920,0.3527
6.5960,0.3403
6.6000,0.3898
6.6040,0.4002
6.6080,0.4061
6.6120,0.4011
6.6160,0.3770
6.6200,0.4079
6.6240,0.3944
6.6280,0.3868
6.6320,0.3728
6.6360,0.3708
6.6400,0.3640
6.6440,0.3626
6.6480,0.3393
6.6520,0.3222
6.6560,0.3035
6.6600,0.2615
6.6640,0.2580
6.6680,0.2481
6.6720,0.2059
6.6760,0.2052
6.6800,0.1748
6.6840,0.1937
6.6880,0.1560
6.6920,0.1624
6.6960,0.1300
6.7000,0.1296
6.7040,0.1298
6.7080,0.1145
6.7120,0.1319
6.7160,0.0884
6.7200,0.1019
6.7240,0.1217
6.7280,0.0998
6.7320,0.0922
6.7360,0.1124
6.7400,0.1022
6.7440,0.1406
6.7480,0.1173
6.7520,0.1013
6.7560,0.0882
6.7600,0.0940
6.7640,0.1022
6.7680,0.0787
6.7720,0.0447
6.7760,0.0834
6.7800,0.0874
6.7840,0.1251
6.7880,0.0970
6.7920,0.0836
6.7960,0.0638
6.8000,0.0966
6.8040,0.1060
6.8080,0.0988
6.8120,0.0640
6.8160,0.0864
6.8200,0.1017
6.8240,0.0739
6.8280,0.1074
6.8320,0.0863
6.8360,0.0715
6.8400,0.0960
6.8440,0.0923
6.8480,0.0995
6.8520,0.0828
6.8560,0.0714
6.8600,0.1007
6.8640,0.0766
6.8680,0.1039
6.8720,0.0555
6.8760,0.0819
6.8800,0.0832
6.8840,0.0814
6.8880,0.0810
6.8920,0.0670
6.8960,0.0794
6.9000,0.0981
6.9040,0.0781
6.9080,0.0792
6.9120,0.0748
6.9160,0.0660
6.9200,0.0818
6.9240,0.0933
6.9280,0.1245
6.9320,0.0642
6.9360,0.0734
6.9400,0.0789
6.9440,0.0899
6.9480,0.0648
6.9520,0.0884
6.9560,0.0763
6.9600,0.0710
6.9640,0.0931
6.9680,0.1001
6.9720,0.0593
6.9760,0.0696
6.9800,0.0674
6.9840,0.0777
6.9880,0.0766
6.9920,0.0304
6.9960,0.0182
7.0000,0.0628
7.0040,0.0577
7.0080,0.0900
7.0120,0.0434
7.0160,0.1099
7.0200,0.0817
7.0240,0.0640
7.0280,0.1194
7.0320,0.1051
7.0360,0.1218
7.0400,0.1142
7.0440,0.1381
7.0480,0.1579
7.0520,0.1516
7.0560,0.1666
7.0600,0.1709
7.0640,0.1742
7.0680,0.2227
7.0720,0.1721
7.0760,0.1600
7.0800,0.1599
7.0840,0.1434
7.0880,0.1310
7.0920,0.1279
7.0960,0.0946
7.1000,0.1011
7.1040,0.0829
7.1080,0.0856
7.1120,0.0411
7.1160,0.0579
7.1200,0.0571
7.1240,0.0439
7.1280,0.0579
7.1320,0.0468
7.1360,0.0337
7.1400,0.0313
7.1440,0.0531
7.1480,0.0662
7.1520,0.0350
7.1560,0.0381
7.1600,0.0510
7.1640,0.0531
7.1680,0.0319
7.1720,-0.0080
7.1760,-0.0424
7.1800,-0.0399
7.1840,-0.0367
7.1880,-0.0240
7.1920,0.0513
7.1960,0.1546
7.2000,0.2748
7.2040,0.5174
7.2080,0.7418
7.2120,0.9343
7.2160,1.0083
7.2200,0.9707
7.2240,0.8082
7.2280,0.5473
7.2320,0.2770
7.2360,0.0820
7.2400,-0.0562
7.2440,-0.1518
7.2480,-0.1623
7.2520,-0.1423
7.2560,-0.1015
7.2600,-0.0114
7.2640,0.0211
7.2680,0.0297
7.2720,0.0169
7.2760,0.0144
7.2800,0.0457
7.2840,0.0780
7.2880,0.0582
7.2920,0.0617
7.2960,0.0555
7.3000,0.0358
7.3040,0.0546
7.3080,0.0331
7.3120,0.0362
7.3160,0.0167
7.3200,0.0439
7.3240,0.0526
7.3280,0.0413
7.3320,0.0088
7.3360,0.0078
7.3400,0.0665
7.3440,0.0590
7.3480,0.0309
7.3520,0.0538
7.3560,0.0372
7.3600,0.0520
7.3640,0.0591
7.3680,0.0769
7.3720,0.0554
7.3760,0.0533
7.3800,0.0829
7.3840,0.1042
7.3880,0.1180
7.3920,0.1051
7.3960,0.1318
7.4000,0.1322
7.4040,0.1824
7.4080,0.1784
7.4120,0.2126
7.4160,0.1919
7.4200,0.2276
7.4240,0.2775
7.4280,0.2632
7.4320,0.2658
7.4360,0.2927
7.4400,0.3124
7.4440,0.3221
7.4480,0.3571
7.4520,0.3139
7.4560,0.3260
7.4600,0.3238
7.4640,0.3241
7.4680,0.3052
7.4720,0.2828
7.4760,0.2809
7.4800,0.2511
7.4840,0.2595
7.4880,0.2169
7.4920,0.2210
7.4960,0.1732
7.5000,0.1645
7.5040,0.2006
7.5080,0.1053
7.5120,0.1244
7.5160,0.1053
7.5200,0.1010
7.5240,0.0714
7.5280,0.0643
7.5320,0.0247
7.5360,0.0343
7.5400,0.0473
7.5440,0.0585
7.5480,0.0352
7.5520,-0.0140
7.5560,0.0275
7.5600,0.0182
7.5640,0.0112
7.5680,-0.0023
7.5720,0.0105
7.5760,-0.0245
7.5800,0.0199
7.5840,0.0247
7.5880,0.0036
7.5920,-0.0244
7.5960,-0.0030
7.6000,0.0285
7.6040,0.0094
7.6080,0.0285
7.6120,0.0156
7.6160,-0.0074
7.6200,0.0076
7.6240,-0.0074
7.6280,0.0111
7.6320,-0.0069
7.6360,0.0130
7.6400,0.0100
7.6440,-0.0032
7.6480,0.0310
7.6520,0.0052
7.6560,-0.0159
7.6600,0.0021
7.6640,0.0262
7.6680,-0.0162
7.6720,-0.0016
7.6760,0.0044
7.6800,0.0105
7.6840,0.0099
7.6880,0.0025
7.6920,0.0142
7.6960,-0.0270
7.7000,-0.0141
7.7040,0.0199
7.7080,0.0171
7.7120,-0.0004
7.7160,-0.0175
7.7200,0.0029
7.7240,-0.0012
7.7280,-0.0161
7.7320,-0.0183
7.7360,0.0047
7.7400,-0.0028
7.7440,0.0137
7.7480,0.0059
7.7520,-0.0074
7.7560,-0.0257
7.7600,0.0010
7.7640,0.0302
7.7680,-0.0078
7.7720,-0.0240
7.7760,-0.0083
7.7800,-0.0207
7.7840,0.0245
7.7880,0.0043
7.7920,-0.0101
7.7960,-0.0008
7.8000,0.0254
7.8040,0.0128
7.8080,0.0411
7.8120,0.0495
7.8160,0.0671
7.8200,0.0498
7.8240,0.0918
7.8280,0.1079
7.8320,0.0896
7.8360,0.0898
7.8400,0.0908
7.8440,0.1163
7.8480,0.0975
7.8520,0.0889
7.8560,0.0321
7.8600,0.0202
7.8640,0.0453
7.8680,0.0318
7.8720,0.0047
7.8760,-0.0208
7.8800,-0.0213
7.8840,0.0042
7.8880,0.0188
7.8920,-0.0399
7.8960,-0.0241
7.9000,-0.0166
7.9040,0.0038
7.9080,-0.0149
7.9120,-0.0396
7.9160,-0.0232
7.9200,-0.0136
7.9240,-0.0219
7.9280,-0.0231
7.9320,-0.0279
7.9360,-0.0533
7.9400,-0.0514
7.9440,-0.0936
7.9480,-0.0992
7.9520,-0.1533
7.9560,-0.1413
7.9600,-0.0806
7.9640,0.0043
7.9680,0.0959
7.9720,0.1997
7.9760,0.4022
7.9800,0.6408
7.9840,0.9107
7.9880,0.9837
7.9920,0.9146
7.9960,0.7554
8.0000,0.4890
8.0040,0.2334
8.0080,0.0182
8.0120,-0.1449
8.0160,-0.2369
8.0200,-0.2421
8.0240,-0.1794
8.0280,-0.1421
8.0320,-0.1204
8.0360,-0.0775
8.0400,-0.0595
8.0440,-0.0419
8.0480,-0.0320
8.0520,-0.0345
8.0560,-0.0141
8.0600,-0.0603
8.0640,-0.0044
8.0680,-0.0228
8.0720,-0.0380
8.0760,-0.0310
8.0800,-0.0156
8.0840,-0.0177
8.0880,-0.0248
8.0920,-0.0330
8.0960,-0.0211
8.1000,-0.0343
8.1040,-0.0382
8.1080,-0.0245
8.1120,-0.0415
8.1160,-0.0156
8.1200,-0.0286
8.1240,-0.0129
8.1280,0.0054
8.1320,-0.0469
8.1360,-0.0550
8.1400,-0.0126
8.1440,-0.0231
8.1480,0.0078
8.1520,0.0138
8.1560,-0.0121
8.1600,0.0293
8.1640,0.0181
8.1680,0.0520
8.1720,0.0315
8.1760,0.0489
8.1800,0.1056
8.1840,0.1066
8.1880,0.1300
8.1920,0.1353
8.1960,0.1360
8.2000,0.1853
8.2040,0.1974
8.2080,0.2161
8.2120,0.2277
8.2160,0.2052
8.2200,0.2491
8.2240,0.2962
8.2280,0.3000
8.2320,0.2577
8.2360,0.2464
8.2400,0.2595
8.2440,0.2658
8.2480,0.2294
8.2520,0.2003
8.2560,0.1968
8.2600,0.1541
8.2640,0.1829
8.2680,0.1598
8.2720,0.1399
8.2760,0.1155
8.2800,0.0497
8.2840,0.1061
8.2880,0.0655
8.2920,0.0528
8.2960,0.0156
8.3000,0.0047
8.3040,0.0244
8.3080,0.0262
8.3120,-0.0282
8.3160,-0.0139
8.3200,-0.0278
8.3240,-0.0184
8.3280,-0.0094
8.3320,-0.0327
8.3360,-0.0299
8.3400,-0.0530
8.3440,-0.0456
8.3480,-0.0503
8.3520,-0.0473
8.3560,-0.0563
8.3600,-0.0834
8.3640,-0.0318
8.3680,-0.0565
8.3720,-0.0855
8.3760,-0.0470
8.3800,-0.0593
8.3840,-0.0414
8.3880,-0.0464
8.3920,-0.0494
8.3960,-0.0419
8.4000,-0.0595
8.4040,-0.0603
8.4080,-0.0347
8.4120,-0.0602
8.4160,-0.0776
8.4200,-0.0741
8.4240,-0.0504
8.4280,-0.0584
8.4320,-0.1003
8.4360,-0.0340
8.4400,-0.0337
8.4440,-0.0383
8.4480,-0.0528
8.4520,-0.0523
8.4560,-0.0484
8.4600,-0.0606
8.4640,-0.0178
8.4680,-0.0574
8.4720,-0.0653
8.4760,-0.0530
8.4800,-0.0475
8.4840,-0.0466
8.4880,-0.0479
8.4920,-0.0851
8.4960,-0.0823
8.5000,-0.0304
8.5040,-0.0641
8.5080,-0.0591
8.5120,-0.0527
8.5160,-0.0539
8.5200,-0.0675
8.5240,-0.0559
8.5280,-0.0716
8.5320,-0.0771
8.5360,-0.0398
8.5400,-0.0884
8.5440,-0.0417
8.5480,-0.0740
8.5520,-0.0609
8.5560,-0.0450
8.5600,-0.0646
8.5640,-0.0418
8.5680,-0.0496
8.5720,-0.0613
8.5760,-0.0632
8.5800,-0.0555
8.5840,-0.0556
8.5880,-0.0373
8.5920,-0.0421
8.5960,-0.0397
8.6000,-0.0100
8.6040,-0.0141
8.6080,0.0122
8.6120,0.0038
8.6160,0.0312
8.6200,0.0648
8.6240,0.0365
8.6280,0.0705
8.6320,0.0344
8.6360,0.0475
8.6400,0.0714
8.6440,0.0473
8.6480,0.0220
8.6520,0.0012
8.6560,0.0219
8.6600,-0.0222
8.6640,-0.0043
8.6680,-0.0227
8.6720,-0.0459
8.6760,-0.0635
8.6800,-0.0424
8.6840,-0.0315
8.6880,-0.0489
8.6920,-0.0833
8.6960,-0.0611
8.7000,-0.0657
8.7040,-0.0755
8.7080,-0.0332
8.7120,-0.0722
8.7160,-0.0500
8.7200,-0.0587
8.7240,-0.0355
8.7280,-0.0499
8.7320,-0.0541
8.7360,-0.0645
8.7400,-0.0832
8.7440,-0.0920
8.7480,-0.1287
8.7520,-0.1394
8.7560,-0.1458
8.7600,-0.1662
8.7640,-0.1092
8.7680,-0.0679
8.7720,0.0144
8.7760,0.1371
8.7800,0.3527
8.7840,0.6145
8.7880,0.8603
8.7920,0.8972
8.7960,0.8894
8.8000,0.7294
8.8040,0.4805
8.8080,0.2187
8.8120,0.0078
8.8160,-0.1594
8.8200,-0.2589
8.8240,-0.2538
8.8280,-0.2617
8.8320,-0.2047
8.8360,-0.1868
8.8400,-0.1391
8.8440,-0.0754
8.8480,-0.0667
8.8520,-0.0947
8.8560,-0.1157
8.8600,-0.0638
8.8640,-0.0405
8.8680,-0.0466
8.8720,-0.0566
8.8760,-0.0897
8.8800,-0.0630
8.8840,-0.0450
8.8880,-0.0615
8.8920,-0.0815
8.8960,-0.0775
8.9000,-0.0680
8.9040,-0.0861
8.9080,-0.0605
8.9120,-0.0713
8.9160,-0.0681
8.9200,-0.0382
8.9240,-0.0339
8.9280,-0.0296
8.9320,-0.0632
8.9360,-0.0594
8.9400,-0.0594
8.9440,-0.0410
8.9480,-0.0380
8.9520,-0.0444
8.9560,-0.0327
8.9600,-0.0230
8.9640,-0.0279
8.9680,-0.0298
8.9720,-0.0381
8.9760,0.0065
8.9800,0.0249
8.9840,0.0619
8.9880,0.0301
8.9920,0.0623
8.9960,0.0477
9.0000,0.0899
9.0040,0.1078
9.0080,0.1406
9.0120,0.1568
9.0160,0.1468
9.0200,0.1624
9.0240,0.1975
9.0280,0.2084
9.0320,0.2220
9.0360,0.2194
9.0400,0.2359
9.0440,0.2265
9.0480,0.2469
9.0520,0.2273
9.0560,0.1947
9.0600,0.2284
9.0640,0.2247
9.0680,0.2437
9.0720,0.1709
9.0760,0.1851
9.0800,0.1916
9.0840,0.1496
9.0880,0.1437
9.0920,0.1421
9.0960,0.1116
9.1000,0.1037
9.1040,0.0716
9.1080,0.0741
9.1120,0.0511
9.1160,-0.0014
9.1200,0.0019
9.1240,0.0296
9.1280,0.0244
9.1320,-0.0145
9.1360,-0.0344
9.1400,-0.0212
9.1440,-0.0178
9.1480,-0.0230
9.1520,-0.0431
9.1560,-0.0652
9.1600,-0.0503
9.1640,-0.0334
9.1680,-0.0504
9.1720,-0.0586
9.1760,-0.0725
9.1800,-0.0509
9.1840,-0.0447
9.1880,-0.0420
9.1920,-0.0616
9.1960,-0.0820
9.2000,-0.0566
9.2040,-0.0651
9.2080,-0.0480
9.2120,-0.0481
9.2160,-0.0535
9.2200,-0.0672
9.2240,-0.0538
9.2280,-0.0593
9.2320,-0.0410
9.2360,-0.0631
9.2400,-0.0516
9.2440,-0.0294
9.2480,-0.0477
9.2520,-0.0627
9.2560,-0.0538
9.2600,-0.0474
9.2640,-0.0434
9.2680,-0.0868
9.2720,-0.0869
9.2760,-0.0913
9.2800,-0.0951
9.2840,-0.0394
9.2880,-0.0702
9.2920,-0.0501
9.2960,-0.0795
9.3000,-0.0724
9.3040,-0.0363
9.3080,-0.0595
9.3120,-0.0680
9.3160,-0.0732
9.3200,-0.0654
9.3240,-0.0467
9.3280,-0.0608
9.3320,-0.0515
9.3360,-0.0549
9.3400,-0.0563
9.3440,-0.0551
9.3480,-0.0459
9.3520,-0.0576
9.3560,-0.0485
9.3600,-0.0710
9.3640,-0.0482
9.3680,-0.0658
9.3720,-0.0721
9.3760,-0.0731
9.3800,-0.0644
9.3840,-0.0641
9.3880,-0.0722
9.3920,-0.0320
9.3960,-0.0936
9.4000,-0.0557
9.4040,-0.0310
9.4080,-0.0763
9.4120,-0.0689
9.4160,-0.0685
9.4200,-0.0493
9.4240,-0.0470
9.4280,-0.0398
9.4320,-0.0477
9.4360,-0.0735
9.4400,-0.0619
9.4440,-0.0460
9.4480,-0.0455
9.4520,-0.0903
9.4560,-0.0875
9.4600,-0.0757
9.4640,-0.0424
9.4680,-0.0787
9.4720,-0.0429
9.4760,-0.0740
9.4800,-0.0529
9.4840,-0.0165
9.4880,-0.0566
9.4920,-0.0091
9.4960,-0.0543
9.5000,-0.0119
9.5040,0.0007
9.5080,0.0235
9.5120,0.0246
9.5160,0.0026
9.5200,0.0254
9.5240,0.0628
9.5280,0.0801
9.5320,0.0406
9.5360,0.0486
9.5400,0.0579
9.5440,0.0694
9.5480,0.0616
9.5520,0.0823
9.5560,0.0167
9.5600,0.0431
9.5640,0.0155
9.5680,0.0021
9.5720,-0.0301
9.5760,-0.0242
9.5800,-0.0253
9.5840,-0.0313
9.5880,-0.1012
9.5920,-0.0710
9.5960,-0.0459
9.6000,-0.0761
9.6040,-0.0267
9.6080,-0.0605
9.6120,-0.0685
9.6160,-0.0642
9.6200,-0.0710
9.6240,-0.0358
9.6280,-0.0697
9.6320,-0.0602
9.6360,-0.0746
9.6400,-0.0775
9.6440,-0.0754
9.6480,-0.0877
9.6520,-0.1103
9.6560,-0.1486
9.6600,-0.1674
9.6640,-0.1147
9.6680,-0.0821
9.6720,-0.0227
9.6760,0.0754
9.6800,0.2438
9.6840,0.4591
9.6880,0.7189
9.6920,0.8727
9.6960,0.9209
9.7000,0.8521
9.7040,0.6869
9.7080,0.3928
9.7120,0.1393
9.7160,-0.0368
9.7200,-0.1799
9.7240,-0.2514
9.7280,-0.2634
9.7320,-0.2324
9.7360,-0.1609
9.7400,-0.1173
9.7440,-0.0583
9.7480,-0.0433
9.7520,-0.0538
9.7560,-0.0661
9.7600,-0.0475
9.7640,-0.0619
9.7680,-0.0409
9.7720,-0.0355
9.7760,-0.0723
9.7800,-0.0451
9.7840,-0.0240
9.7880,-0.0533
9.7920,-0.0386
9.7960,-0.0749
9.8000,-0.0477
9.8040,-0.0375
9.8080,-0.0451
9.8120,-0.0529
9.8160,-0.0577
9.8200,-0.0421
9.8240,-0.0402
9.8280,-0.0399
9.8320,-0.0344
9.8360,-0.0539
9.8400,-0.0305
9.8440,-0.0066
9.8480,-0.0197
9.8520,-0.0473
9.8560,-0.0091
9.8600,0.0122
9.8640,0.0149
9.8680,-0.0100
9.8720,-0.0124
9.8760,0.0192
9.8800,0.0268
9.8840,0.0544
9.8880,0.0589
9.8920,0.0795
9.8960,0.0920
9.9000,0.0822
9.9040,0.1231
9.9080,0.1550
9.9120,0.1981
9.9160,0.1880
9.9200,0.1971
9.9240,0.2138
9.9280,0.2680
9.9320,0.2168
9.9360,0.2533
9.9400,0.2823
9.9440,0.2460
9.9480,0.2756
9.9520,0.2322
9.9560,0.2518
9.9600,0.2289
9.9640,0.2568
9.9680,0.2209
9.9720,0.1892
9.9760,0.1880
9.9800,0.1888
9.9840,0.1700
9.9880,0.1453
9.9920,0.1325
9.9960,0.1339
10.0000,0.0800
10.0040,0.0912
10.0080,0.0864
10.0120,0.0648
10.0160,0.0342
10.0200,0.0233
10.0240,0.0329
10.0280,0.0153
10.0320,-0.0369
10.0360,0.0043
10.0400,-0.0169
10.0440,-0.0017
10.0480,0.0216
10.0520,-0.0155
10.0560,-0.0459
10.0600,-0.0347
10.0640,-0.0287
10.0680,-0.0061
10.0720,-0.0245
10.0760,-0.0539
10.0800,-0.0510
10.0840,-0.0385
10.0880,-0.0240
10.0920,-0.0598
10.0960,-0.0574
10.1000,-0.0252
10.1040,-0.0407
10.1080,-0.0516
10.1120,-0.0456
10.1160,-0.0521
10.1200,-0.0368
10.1240,-0.0263
10.1280,-0.0317
10.1320,-0.0467
10.1360,-0.0302
10.1400,-0.0200
10.1440,-0.0101
10.1480,-0.0313
10.1520,-0.0402
10.1560,-0.0720
10.1600,-0.0404
10.1640,-0.0398
10.1680,-0.0547
10.1720,-0.0442
10.1760,-0.0466
10.1800,-0.0298
10.1840,-0.0169
10.1880,-0.0653
10.1920,-0.0652
10.1960,-0.0537
10.2000,-0.0574
10.2040,-0.0315
10.2080,-0.0401
10.2120,-0.0377
10.2160,-0.0518
10.2200,-0.0390
10.2240,-0.0522
10.2280,-0.0338
10.2320,-0.0580
10.2360,-0.0209
10.2400,-0.0003
10.2440,-0.0157
10.2480,-0.0120
10.2520,-0.0275
10.2560,-0.0545
10.2600,-0.0153
10.2640,-0.0433
10.2680,-0.0316
10.2720,-0.0431
10.2760,-0.0595
10.2800,-0.0344
10.2840,-0.0250
10.2880,-0.0276
10.2920,-0.0655
10.2960,-0.0390
10.3000,-0.0231
10.3040,-0.0098
10.3080,-0.0337
10.3120,-0.0446
10.3160,-0.0310
10.3200,-0.0452
10.3240,-0.0357
10.3280,-0.0427
10.3320,-0.0459
10.3360,-0.0658
10.3400,-0.0485
10.3440,-0.0333
10.3480,-0.0071
10.3520,-0.0490
10.3560,-0.0191
10.3600,-0.0233
10.3640,-0.0264
10.3680,0.0167
10.3720,-0.0157
10.3760,-0.0260
10.3800,0.0243
10.3840,0.0403
10.3880,0.0607
10.3920,0.0672
10.3960,0.0310
10.4000,0.0587
10.4040,0.0897
10.4080,0.1174
10.4120,0.0822
10.4160,0.0876
10.4200,0.0584
10.4240,0.0946
10.4280,0.0594
10.4320,0.0302
10.4360,-0.0106
10.4400,-0.0129
10.4440,0.0014
10.4480,-0.0279
10.4520,-0.0058
10.4560,-0.0212
10.4600,-0.0258
10.4640,0.0033
10.4680,-0.0559
10.4720,-0.0609
10.4760,-0.0312
10.4800,-0.0334
10.4840,-0.0098
10.4880,-0.0164
10.4920,-0.0225
10.4960,-0.0304
10.5000,-0.0216
10.5040,-0.0140
10.5080,-0.0128
10.5120,-0.0603
10.5160,-0.0494
10.5200,-0.1180
10.5240,-0.0884
10.5280,-0.1304
10.5320,-0.1192
10.5360,-0.1031
10.5400,-0.0267
10.5440,0.0569
10.5480,0.2081
10.5520,0.3726
10.5560,0.6075
10.5600,0.8567
10.5640,0.9643
10.5680,0.9305
10.5720,0.7533
10.5760,0.5245
10.5800,0.2535
10.5840,0.0590
10.5880,-0.0928
10.5920,-0.2124
10.5960,-0.2123
10.6000,-0.2342
10.6040,-0.1653
10.6080,-0.1181
10.6120,-0.0558
10.6160,-0.0466
10.6200,-0.0212
10.6240,-0.0237
10.6280,-0.0458
10.6320,-0.0223
10.6360,-0.0408
10.6400,-0.0252
10.6440,-0.0110
10.6480,-0.0151
10.6520,-0.0421
10.6560,-0.0426
10.6600,-0.0417
10.6640,0.0045
10.6680,-0.0043
10.6720,-0.0294
10.6760,-0.0302
10.6800,-0.0105
10.6840,-0.0511
10.6880,0.0091
10.6920,-0.0445
10.6960,-0.0457
10.7000,-0.0429
10.7040,0.0021
10.7080,0.0014
10.7120,0.0198
10.7160,-0.0573
10.7200,-0.0087
10.7240,0.0211
10.7280,0.0050
10.7320,0.0140
10.7360,0.0296
10.7400,0.0168
10.7440,0.0384
10.7480,0.0397
10.7520,0.0679
10.7560,0.0668
10.7600,0.0897
10.7640,0.1118
10.7680,0.1369
10.7720,0.1230
10.7760,0.1411
10.7800,0.1504
10.7840,0.2017
10.7880,0.2223
10.7920,0.2158
10.7960,0.2181
10.8000,0.2986
10.8040,0.2677
10.8080,0.2863
10.8120,0.2489
10.8160,0.2645
10.8200,0.2654
10.8240,0.3202
10.8280,0.2604
10.8320,0.2625
10.8360,0.2521
10.8400,0.2600
10.8440,0.2576
10.8480,0.2550
10.8520,0.2114
10.8560,0.1848
10.8600,0.1838
10.8640,0.1553
10.8680,0.1690
10.8720,0.1265
10.8760,0.1084
10.8800,0.1042
10.8840,0.1026
10.8880,0.0477
10.8920,0.0459
10.8960,0.0382
10.9000,0.0500
10.9040,0.0399
10.9080,0.0169
10.9120,0.0161
10.9160,-0.0311
10.9200,0.0155
10.9240,0.0121
10.9280,0.0062
10.9320,-0.0024
10.9360,-0.0287
10.9400,0.0038
10.9440,0.0072
10.9480,0.0143
10.9520,-0.0469
10.9560,-0.0082
10.9600,-0.0139
10.9640,-0.0021
10.9680,-0.0205
10.9720,-0.0456
10.9760,-0.0363
10.9800,-0.0160
10.9840,-0.0072
10.9880,-0.0145
10.9920,-0.0408
10.9960,-0.0154
11.0000,-0.0435
11.0040,0.0119
11.0080,-0.0016
11.0120,-0.0123
11.0160,0.0197
11.0200,-0.0208
11.0240,0.0040
11.0280,-0.0202
11.0320,-0.0179
11.0360,-0.0301
11.0400,0.0099
11.0440,0.0327
11.0480,-0.0147
11.0520,-0.0388
11.0560,-0.0205
11.0600,-0.0247
11.0640,-0.0145
11.0680,-0.0070
11.0720,-0.0064
11.0760,-0.0429
11.0800,-0.0068
11.0840,-0.0046
11.0880,0.0033
11.0920,-0.0110
11.0960,-0.0137
11.1000,0.0031
11.1040,-0.0131
11.1080,-0.0072
11.1120,-0.0084
11.1160,-0.0398
11.1200,-0.0098
11.1240,0.0144
11.1280,-0.0068
11.1320,-0.0381
11.1360,-0.0429
11.1400,0.0019
11.1440,0.0084
11.1480,0.0012
11.1520,-0.0178
11.1560,-0.0084
11.1600,0.0044
11.1640,0.0014
11.1680,0.0211
11.1720,-0.0173
11.1760,-0.0117
11.1800,-0.0074
11.1840,0.0213
11.1880,0.0245
11.1920,-0.0109
11.1960,-0.0190
11.2000,-0.0283
11.2040,-0.0115
11.2080,-0.0136
11.2120,-0.0299
11.2160,-0.0287
11.2200,-0.0126
11.2240,0.0134
11.2280,0.0164
11.2320,0.0017
11.2360,0.0035
11.2400,-0.0163
11.2440,0.0069
11.2480,0.0137
11.2520,0.0171
11.2560,-0.0040
11.2600,0.0074
11.2640,0.0393
11.2680,0.0582
11.2720,0.0367
11.2760,0.0685
11.2800,0.0698
11.2840,0.0871
11.2880,0.1292
11.2920,0.1102
11.2960,0.1186
11.3000,0.1230
11.3040,0.1223
11.3080,0.1250
11.3120,0.0901
11.3160,0.1209
11.3200,0.0669
11.3240,0.0858
11.3280,0.0607
11.3320,0.0706
11.3360,-0.0009
11.3400,0.0108
11.3440,0.0325
11.3480,0.0237
11.3520,-0.0057
11.3560,-0.0153
11.3600,0.0251
11.3640,0.0038
11.3680,0.0006
11.3720,-0.0375
11.3760,-0.0034
11.3800,-0.0490
11.3840,0.0062
11.3880,-0.0037
11.3920,-0.0054
11.3960,-0.0050
11.4000,-0.0027
11.4040,0.0031
11.4080,-0.0424
11.4120,-0.0768
11.4160,-0.1444
11.4200,-0.0837
11.4240,-0.0445
11.4280,0.0254
11.4320,0.0838
11.4360,0.2272
11.4400,0.4455
11.4440,0.6859
11.4480,0.9005
11.4520,0.9812
11.4560,0.9487
11.4600,0.7472
11.4640,0.5100
11.4680,0.2487
11.4720,0.0251
11.4760,-0.1056
11.4800,-0.1900
11.4840,-0.1855
11.4880,-0.1439
11.4920,-0.1352
11.4960,-0.0903
11.5000,-0.0434
11.5040,0.0134
11.5080,0.0211
11.5120,0.0352
11.5160,-0.0065
11.5200,0.0146
11.5240,0.0225
11.5280,0.0038
11.5320,-0.0225
11.5360,0.0112
11.5400,0.0123
11.5440,-0.0061
11.5480,0.0201
11.5520,0.0200
11.5560,-0.0023
11.5600,0.0335
11.5640,0.0141
11.5680,0.0087
11.5720,0.0230
11.5760,-0.0018
11.5800,0.0244
11.5840,0.0180
11.5880,0.0550
11.5920,0.0124
11.5960,0.0117
11.6000,0.0336
11.6040,0.0514
11.6080,0.0665
11.6120,0.0561
11.6160,0.0365
11.6200,0.0407
11.6240,0.1057
11.6280,0.0759
11.6320,0.1068
11.6360,0.1202
11.6400,0.1379
11.6440,0.1404
11.6480,0.1703
11.6520,0.1826
11.6560,0.1860
11.6600,0.2534
11.6640,0.2550
11.6680,0.2645
11.6720,0.2686
11.6760,0.2734
11.6800,0.3088
11.6840,0.3219
11.6880,0.2921
11.6920,0.2833
11.6960,0.3237
11.7000,0.3040
11.7040,0.3184
11.7080,0.3214
11.7120,0.2882
11.7160,0.2649
11.7200,0.2598
11.7240,0.2557
11.7280,0.2337
11.7320,0.2075
11.7360,0.1924
11.7400,0.1819
11.7440,0.1815
11.7480,0.1381
11.7520,0.1336
11.7560,0.0988
11.7600,0.0938
11.7640,0.0805
11.7680,0.0604
11.7720,0.0839
11.7760,0.0677
11.7800,0.0588
11.7840,0.0507
11.7880,0.0489
11.7920,0.0343
11.7960,0.0037
11.8000,0.0404
11.8040,0.0277
11.8080,0.0356
11.8120,0.0035
11.8160,0.0139
11.8200,0.0311
11.8240,0.0185
11.8280,0.0290
11.8320,0.0319
11.8360,0.0221
11.8400,0.0233
11.8440,0.0320
11.8480,0.0387
11.8520,0.0297
11.8560,0.0237
11.8600,0.0340
11.8640,0.0245
11.8680,0.0399
11.8720,0.0430
11.8760,0.0176
11.8800,0.0045
11.8840,0.0341
11.8880,0.0260
11.8920,0.0409
11.8960,-0.0004
11.9000,0.0373
11.9040,0.0141
11.9080,0.0074
11.9120,0.0590
11.9160,0.0258
11.9200,0.0572
11.9240,0.0575
11.9280,0.0556
11.9320,0.0210
11.9360,0.0099
11.9400,0.0169
11.9440,0.0628
11.9480,0.0224
11.9520,0.0456
11.9560,0.0032
11.9600,0.0300
11.9640,0.0374
11.9680,0.0377
11.9720,0.0338
11.9760,0.0097
11.9800,0.0306
11.9840,0.0319
11.9880,0.0416
11.9920,0.0441
11.9960,0.0282
12.0000,0.0428
12.0040,0.0406
12.0080,0.0567
12.0120,0.0274
12.0160,0.0333
12.0200,0.0448
12.0240,0.0346
12.0280,0.0457
12.0320,0.0380
12.0360,0.0068
12.0400,0.0473
12.0440,0.0324
12.0480,0.0503
12.0520,-0.0059
12.0560,0.0508
12.0600,0.0389
12.0640,0.0441
12.0680,0.0760
12.0720,0.0812
12.0760,0.1138
12.0800,0.1215
12.0840,0.1285
12.0880,0.1319
12.0920,0.1573
12.0960,0.1516
12.1000,0.1444
12.1040,0.1558
12.1080,0.1590
12.1120,0.1357
12.1160,0.1337
12.1200,0.1074
12.1240,0.1196
12.1280,0.0920
12.1320,0.0487
12.1360,0.0637
12.1400,0.0693
12.1440,0.0677
12.1480,0.0467
12.1520,0.0239
12.1560,0.0646
12.1600,0.0389
12.1640,0.0574
12.1680,0.0759
12.1720,0.0480
12.1760,0.0339
12.1800,0.0364
12.1840,0.0409
12.1880,0.0361
12.1920,0.0287
12.1960,0.0751
12.2000,0.0300
12.2040,0.0394
12.2080,0.0298
12.2120,-0.0323
12.2160,-0.0606
12.2200,-0.0599
12.2240,-0.0026
12.2280,0.0739
12.2320,0.1170
12.2360,0.2287
12.2400,0.4356
12.2440,0.6632
12.2480,0.8741
12.2520,1.0325
12.2560,1.0120
12.2600,0.8883
12.2640,0.6336
12.2680,0.3709
12.2720,0.1646
12.2760,-0.0289
12.2800,-0.1297
12.2840,-0.1599
12.2880,-0.1440
12.2920,-0.1008
12.2960,-0.0570
12.3000,0.0232
12.3040,0.0343
12.3080,0.0510
12.3120,0.0436
12.3160,0.0339
12.3200,0.0426
12.3240,0.0382
12.3280,0.0440
12.3320,0.0377
12.3360,0.0341
12.3400,0.0466
12.3440,0.0596
12.3480,0.0586
12.3520,0.0528
12.3560,0.0534
12.3600,0.0639
12.3640,0.0460
12.3680,0.0714
12.3720,0.0537
12.3760,0.0718
12.3800,0.0672
12.3840,0.0783
12.3880,0.0523
12.3920,0.0690
12.3960,0.0558
12.4000,0.0626
12.4040,0.0835
12.4080,0.0904
12.4120,0.0756
12.4160,0.1009
12.4200,0.1203
12.4240,0.1423
12.4280,0.1515
12.4320,0.1363
12.4360,0.1665
12.4400,0.1757
12.4440,0.2120
12.4480,0.2046
12.4520,0.2299
12.4560,0.2605
12.4600,0.2667
12.4640,0.2932
12.4680,0.3105
12.4720,0.3034
12.4760,0.3095
12.4800,0.3509
12.4840,0.3568
12.4880,0.3573
12.4920,0.3563
12.4960,0.3753
12.5000,0.3342
12.5040,0.3668
12.5080,0.3425
12.5120,0.3567
12.5160,0.2933
12.5200,0.2936
12.5240,0.3088
12.5280,0.2751
12.5320,0.2449
12.5360,0.2140
12.5400,0.2237
12.5440,0.2128
12.5480,0.2017
12.5520,0.1813
12.5560,0.1643
12.5600,0.1542
12.5640,0.1366
12.5680,0.1312
12.5720,0.0983
12.5760,0.1163
12.5800,0.0922
12.5840,0.1077
12.5880,0.1082
12.5920,0.0464
12.5960,0.0703
12.6000,0.0468
12.6040,0.0795
12.6080,0.0496
12.6120,0.0534
12.6160,0.0742
12.6200,0.0825
12.6240,0.0527
12.6280,0.0539
12.6320,0.0584
12.6360,0.0616
12.6400,0.0427
12.6440,0.0766
12.6480,0.0686
12.6520,0.0687
12.6560,0.0570
12.6600,0.0873
12.6640,0.0730
12.6680,0.0608
12.6720,0.0774
12.6760,0.0732
12.6800,0.0535
12.6840,0.0760
12.6880,0.0947
12.6920,0.0478
12.6960,0.0729
12.7000,0.0690
12.7040,0.1026
12.7080,0.1159
12.7120,0.0723
12.7160,0.0550
12.7200,0.0839
12.7240,0.0986
12.7280,0.1056
12.7320,0.0545
12.7360,0.0746
12.7400,0.0780
12.7440,0.0988
12.7480,0.0635
12.7520,0.0675
12.7560,0.0701
12.7600,0.1146
12.7640,0.1003
12.7680,0.0815
12.7720,0.0711
12.7760,0.0577
12.7800,0.0896
12.7840,0.0846
12.7880,0.0662
12.7920,0.0491
12.7960,0.0458
12.8000,0.0824
12.8040,0.1107
12.8080,0.0767
12.8120,0.0733
12.8160,0.0566
12.8200,0.1088
12.8240,0.0890
12.8280,0.0748
12.8320,0.0561
12.8360,0.0838
12.8400,0.0969
12.8440,0.1240
12.8480,0.0917
12.8520,0.0928
12.8560,0.1365
12.8600,0.1319
12.8640,0.1495
12.8680,0.1510
12.8720,0.1964
12.8760,0.1543
12.8800,0.1721
12.8840,0.2019
12.8880,0.2024
12.8920,0.1964
12.8960,0.1878
12.9000,0.1672
12.9040,0.1536
12.9080,0.1550
12.9120,0.1358
12.9160,0.1004
12.9200,0.1029
12.9240,0.1212
12.9280,0.1004
12.9320,0.0912
12.9360,0.0979
12.9400,0.0892
12.9440,0.0694
12.9480,0.0845
12.9520,0.0560
12.9560,0.0495
12.9600,0.0960
12.9640,0.1018
12.9680,0.1022
12.9720,0.0718
12.9760,0.0721
12.9800,0.0940
12.9840,0.1037
12.9880,0.0960
12.9920,0.0548
12.9960,0.0618
13.0000,0.0868
13.0040,0.0419
13.0080,0.0312
13.0120,0.0061
13.0160,-0.0230
13.0200,0.0062
13.0240,0.0244
13.0280,0.1198
13.0320,0.1955
13.0360,0.3262
13.0400,0.6010
13.0440,0.8540
13.0480,1.0146
13.0520,1.0714
13.0560,1.0166
13.0600,0.7900
13.0640,0.5690
13.0680,0.2745
13.0720,0.1062
13.0760,-0.0434
13.0800,-0.1095
13.0840,-0.1078
13.0880,-0.0940
13.0920,-0.0379
13.0960,0.0005
13.1000,0.0485
13.1040,0.0978
13.1080,0.0887
13.1120,0.0924
13.1160,0.0618
13.1200,0.0912
13.1240,0.0833
13.1280,0.1086
13.1320,0.0788
13.1360,0.0572
13.1400,0.0821
13.1440,0.1165
13.1480,0.0878
13.1520,0.0797
13.1560,0.0916
13.1600,0.0767
13.1640,0.0818
13.1680,0.0597
13.1720,0.0629
13.1760,0.0977
13.1800,0.0738
13.1840,0.1011
13.1880,0.0834
13.1920,0.0865
13.1960,0.0668
13.2000,0.0614
13.2040,0.0956
13.2080,0.1043
13.2120,0.1048
13.2160,0.1023
13.2200,0.0936
13.2240,0.1401
13.2280,0.1433
13.2320,0.1393
13.2360,0.1843
13.2400,0.1722
13.2440,0.1802
13.2480,0.1577
13.2520,0.2086
13.2560,0.1924
13.2600,0.2409
13.2640,0.2649
13.2680,0.2710
13.2720,0.2641
13.2760,0.3057
13.2800,0.3145
13.2840,0.3653
13.2880,0.3475
13.2920,0.3421
13.2960,0.3773
13.3000,0.3709
13.3040,0.3805
13.3080,0.4182
13.3120,0.3550
13.3160,0.3870
13.3200,0.3727
13.3240,0.3600
13.3280,0.3574
13.3320,0.3353
13.3360,0.3112
13.3400,0.3397
13.3440,0.3190
13.3480,0.2925
13.3520,0.2730
13.3560,0.2451
13.3600,0.2335
13.3640,0.2172
13.3680,0.2231
13.3720,0.1888
13.3760,0.1914
13.3800,0.1287
13.3840,0.1523
13.3880,0.1276
13.3920,0.1101
13.3960,0.1103
13.4000,0.1134
13.4040,0.1189
13.4080,0.0984
13.4120,0.1264
13.4160,0.0733
13.4200,0.1149
13.4240,0.0795
13.4280,0.1090
13.4320,0.0742
13.4360,0.0778
13.4400,0.1058
13.4440,0.0931
13.4480,0.1026
13.4520,0.0664
13.4560,0.0531
13.4600,0.0902
13.4640,0.0638
13.4680,0.1053
13.4720,0.0563
13.4760,0.0473
13.4800,0.0681
13.4840,0.1036
13.4880,0.0733
13.4920,0.0596
13.4960,0.0858
13.5000,0.0650
13.5040,0.0918
13.5080,0.0746
13.5120,0.0898
13.5160,0.0790
13.5200,0.0660
13.5240,0.0968
13.5280,0.0664
13.5320,0.0809
13.5360,0.0597
13.5400,0.0764
13.5440,0.1083
13.5480,0.0737
13.5520,0.0700
13.5560,0.0778
13.5600,0.0763
13.5640,0.1099
13.5680,0.0968
13.5720,0.0560
13.5760,0.0627
13.5800,0.0957
13.5840,0.0833
13.5880,0.0510
13.5920,0.0947
13.5960,0.0576
13.6000,0.0760
13.6040,0.1001
13.6080,0.0848
13.6120,0.0874
13.6160,0.0434
13.6200,0.0866
13.6240,0.0659
13.6280,0.0894
13.6320,0.0784
13.6360,0.0608
13.6400,0.0867
13.6440,0.0778
13.6480,0.1004
13.6520,0.0786
13.6560,0.0693
13.6600,0.0593
13.6640,0.0817
13.6680,0.0799
13.6720,0.0516
13.6760,0.0546
13.6800,0.0592
13.6840,0.0937
13.6880,0.0611
13.6920,0.0751
13.6960,0.0620
13.7000,0.0765
13.7040,0.0968
13.7080,0.1000
13.7120,0.0417
13.7160,0.0716
13.7200,0.0650
13.7240,0.0776
13.7280,0.0899
13.7320,0.0931
13.7360,0.0594
13.7400,0.0772
13.7440,0.1075
13.7480,0.1030
13.7520,0.0879
13.7560,0.0921
13.7600,0.0932
13.7640,0.0740
13.7680,0.0708
13.7720,0.1050
13.7760,0.0715
13.7800,0.1356
13.7840,0.1481
13.7880,0.1515
13.7920,0.1725
13.7960,0.1741
13.8000,0.1821
13.8040,0.1815
13.8080,0.2151
13.8120,0.1933
13.8160,0.1839
13.8200,0.1877
13.8240,0.1643
13.8280,0.1460
13.8320,0.1234
13.8360,0.1109
13.8400,0.1145
13.8440,0.0974
13.8480,0.1056
13.8520,0.0767
13.8560,0.0769
13.8600,0.0632
13.8640,0.0678
13.8680,0.0652
13.8720,0.0441
13.8760,0.0258
13.8800,0.0475
13.8840,0.0737
13.8880,0.0580
13.8920,0.0355
13.8960,0.0564
13.9000,0.0552
13.9040,0.0682
13.9080,0.0765
13.9120,0.0399
13.9160,0.0558
13.9200,0.0381
13.9240,0.0062
13.9280,-0.0132
13.9320,-0.0149
13.9360,-0.0446
13.9400,-0.0248
13.9440,0.0623
13.9480,0.1441
13.9520,0.2812
13.9560,0.4600
13.9600,0.7228
13.9640,0.9483
13.9680,1.0341
13.9720,1.0141
13.9760,0.8559
13.9800,0.6259
13.9840,0.3413
13.9880,0.1357
13.9920,-0.0346
13.9960,-0.1267
14.0000,-0.1550
14.0040,-0.1416
14.0080,-0.0939
14.0120,-0.0455
14.0160,0.0127
14.0200,0.0214
14.0240,0.0581
14.0280,0.0572
14.0320,0.0036
14.0360,0.0521
14.0400,0.0404
14.0440,0.0481
14.0480,0.0548
14.0520,0.0366
14.0560,0.0424
14.0600,0.0483
14.0640,0.0671
14.0680,0.0799
14.0720,0.0218
14.0760,0.0242
14.0800,0.0289
14.0840,0.0489
14.0880,0.0381
14.0920,0.0644
14.0960,0.0377
14.1000,0.0437
14.1040,0.0558
14.1080,0.0625
14.1120,0.0655
14.1160,0.0410
14.1200,0.0445
14.1240,0.0943
14.1280,0.0345
14.1320,0.0942
14.1360,0.0540
14.1400,0.0803
14.1440,0.0672
14.1480,0.1250
14.1520,0.0924
14.1560,0.1026
14.1600,0.1311
14.1640,0.1109
14.1680,0.1623
14.1720,0.1652
14.1760,0.1755
14.1800,0.2195
14.1840,0.2090
14.1880,0.2043
14.1920,0.2279
14.1960,0.2581
14.2000,0.2998
14.2040,0.2955
14.2080,0.3147
14.2120,0.3051
14.2160,0.3061
14.2200,0.3303
14.2240,0.3394
14.2280,0.3201
14.2320,0.3172
14.2360,0.2966
14.2400,0.3398
14.2440,0.3017
14.2480,0.2991
14.2520,0.2574
14.2560,0.2722
14.2600,0.2173
14.2640,0.2450
14.2680,0.2153
14.2720,0.1968
14.2760,0.1641
14.2800,0.1574
14.2840,0.1540
14.2880,0.1292
14.2920,0.0896
14.2960,0.0858
14.3000,0.0840
14.3040,0.0778
14.3080,0.0880
14.3120,0.0814
14.3160,0.0500
14.3200,0.0440
14.3240,0.0847
14.3280,0.0514
14.3320,0.0668
14.3360,-0.0102
14.3400,0.0292
14.3440,0.0323
14.3480,0.0389
14.3520,0.0002
14.3560,-0.0052
14.3600,0.0226
14.3640,-0.0049
14.3680,0.0128
14.3720,-0.0075
14.3760,-0.0060
14.3800,0.0148
14.3840,0.0475
14.3880,0.0191
14.3920,0.0129
14.3960,-0.0077
14.4000,0.0071
14.4040,0.0415
14.4080,-0.0031
14.4120,0.0092
14.4160,0.0102
14.4200,0.0174
14.4240,0.0008
14.4280,-0.0090
14.4320,-0.0115
14.4360,-0.0389
14.4400,-0.0049
14.4440,-0.0094
14.4480,0.0105
14.4520,-0.0121
14.4560,-0.0050
14.4600,-0.0050
14.4640,0.0102
14.4680,-0.0107
14.4720,0.0034
14.4760,-0.0337
14.4800,0.0271
14.4840,-0.0003
14.4880,0.0212
14.4920,0.0197
14.4960,-0.0139
14.5000,-0.0400
14.5040,0.0333
14.5080,-0.0169
14.5120,0.0115
14.5160,-0.0177
14.5200,-0.0049
14.5240,0.0234
14.5280,-0.0132
14.5320,-0.0071
14.5360,-0.0295
14.5400,-0.0177
14.5440,-0.0040
14.5480,0.0288
14.5520,-0.0538
14.5560,-0.0166
14.5600,-0.0311
14.5640,0.0029
14.5680,0.0066
14.5720,-0.0393
14.5760,0.0089
14.5800,-0.0006
14.5840,-0.0075
14.5880,-0.0166
14.5920,-0.0180
14.5960,0.0123
14.6000,-0.0263
14.6040,-0.0393
14.6080,0.0014
14.6120,-0.0112
14.6160,-0.0180
14.6200,-0.0125
14.6240,-0.0009
14.6280,-0.0088
14.6320,-0.0384
14.6360,-0.0213
14.6400,-0.0036
14.6440,-0.0114
14.6480,-0.0036
14.6520,-0.0269
14.6560,-0.0195
14.6600,0.0094
14.6640,0.0217
14.6680,0.0148
14.6720,0.0046
14.6760,-0.0217
14.6800,0.0325
14.6840,0.0346
14.6880,0.0436
14.6920,0.0531
14.6960,0.0395
14.7000,0.0644
14.7040,0.0721
14.7080,0.0643
14.7120,0.0774
14.7160,0.0660
14.7200,0.0892
14.7240,0.0849
14.7280,0.0673
14.7320,0.0443
14.7360,0.0166
14.7400,0.0458
14.7440,0.0449
14.7480,0.0366
14.7520,0.0236
14.7560,-0.0146
14.7600,-0.0094
14.7640,-0.0267
14.7680,-0.0315
14.7720,-0.0352
14.7760,-0.0246
14.7800,-0.0203
14.7840,-0.0359
14.7880,-0.0369
14.7920,-0.0565
14.7960,-0.0332
14.8000,-0.0203
14.8040,-0.0327
14.8080,-0.0438
14.8120,-0.0553
14.8160,-0.0674
14.8200,-0.0656
14.8240,-0.0549
14.8280,-0.0938
14.8320,-0.1489
14.8360,-0.1415
14.8400,-0.1306
14.8440,-0.0428
14.8480,-0.0057
14.8520,0.0601
14.8560,0.2121
14.8600,0.3912
14.8640,0.6556
14.8680,0.8653
14.8720,0.9495
14.8760,0.8857
14.8800,0.7004
14.8840,0.4553
14.8880,0.2072
14.8920,-0.0320
14.8960,-0.1604
14.9000,-0.2447
14.9040,-0.2536
14.9080,-0.2166
14.9120,-0.1867
14.9160,-0.1277
14.9200,-0.0827
14.9240,-0.0207
14.9280,-0.0504
14.9320,-0.0690
14.9360,-0.0730
14.9400,-0.0520
14.9440,-0.0459
14.9480,-0.0592
14.9520,-0.0684
14.9560,-0.0514
14.9600,-0.0563
14.9640,-0.0214
14.9680,-0.0746
14.9720,-0.0745
14.9760,-0.0702
14.9800,-0.0522
14.9840,-0.0459
14.9880,-0.0788
14.9920,-0.0776
14.9960,-0.0433
15.0000,-0.0902
15.0040,-0.0588
15.0080,-0.0536
15.0120,-0.0410
15.0160,-0.0685
15.0200,-0.0532
15.0240,-0.0359
15.0280,0.0001
15.0320,-0.0503
15.0360,-0.0630
15.0400,-0.0157
15.0440,-0.0105
15.0480,0.0196
15.0520,-0.0196
15.0560,0.0379
15.0600,0.0274
15.0640,0.0635
15.0680,0.0637
15.0720,0.0626
15.0760,0.0862
15.0800,0.1178
15.0840,0.1257
15.0880,0.1697
15.0920,0.1810
15.0960,0.1802
15.1000,0.1909
15.1040,0.2358
15.1080,0.1920
15.1120,0.2259
15.1160,0.2043
15.1200,0.2311
15.1240,0.2255
15.1280,0.2074
15.1320,0.2224
15.1360,0.1946
15.1400,0.1896
15.1440,0.1889
15.1480,0.1935
15.1520,0.1165
15.1560,0.1079
15.1600,0.1069
15.1640,0.1227
15.1680,0.0650
15.1720,0.0941
15.1760,0.0294
15.1800,0.0619
15.1840,-0.0148
15.1880,-0.0136
15.1920,-0.0075
15.1960,-0.0383
15.2000,-0.0142
15.2040,-0.0318
15.2080,-0.0606
15.2120,-0.0620
15.2160,-0.0591
15.2200,-0.0743
15.2240,-0.0736
15.2280,-0.0857
15.2320,-0.0751
15.2360,-0.0622
15.2400,-0.0931
15.2440,-0.0817
15.2480,-0.0461
15.2520,-0.1038
15.2560,-0.1052
15.2600,-0.0707
15.2640,-0.0859
15.2680,-0.0713
15.2720,-0.1049
15.2760,-0.1067
15.2800,-0.0789
15.2840,-0.0970
15.2880,-0.1204
15.2920,-0.1014
15.2960,-0.0963
15.3000,-0.0910
15.3040,-0.0842
15.3080,-0.0929
15.3120,-0.1144
15.3160,-0.1231
15.3200,-0.1072
15.3240,-0.0711
15.3280,-0.0955
15.3320,-0.0927
15.3360,-0.0968
15.3400,-0.0856
15.3440,-0.1204
15.3480,-0.0811
15.3520,-0.1083
15.3560,-0.1231
15.3600,-0.0930
15.3640,-0.1008
15.3680,-0.0886
15.3720,-0.1020
15.3760,-0.1009
15.3800,-0.1024
15.3840,-0.0823
15.3880,-0.0919
15.3920,-0.1139
15.3960,-0.1320
15.4000,-0.0880
15.4040,-0.1000
15.4080,-0.0965
15.4120,-0.1206
15.4160,-0.1135
15.4200,-0.1196
15.4240,-0.1019
15.4280,-0.1015
15.4320,-0.0852
15.4360,-0.1190
15.4400,-0.1046
15.4440,-0.0672
15.4480,-0.1176
15.4520,-0.1012
15.4560,-0.1359
15.4600,-0.0935
15.4640,-0.0979
15.4680,-0.1077
15.4720,-0.1377
15.4760,-0.1185
15.4800,-0.1006
15.4840,-0.0957
15.4880,-0.0945
15.4920,-0.1091
15.4960,-0.1115
15.5000,-0.1050
15.5040,-0.0962
15.5080,-0.1107
15.5120,-0.0991
15.5160,-0.0951
15.5200,-0.1087
15.5240,-0.0905
15.5280,-0.0822
15.5320,-0.0683
15.5360,-0.0503
15.5400,-0.0527
15.5440,-0.0547
15.5480,-0.0008
15.5520,-0.0408
15.5560,-0.0126
15.5600,-0.0057
15.5640,0.0290
15.5680,-0.0046
15.5720,-0.0433
15.5760,-0.0016
15.5800,-0.0285
15.5840,-0.0194
15.5880,-0.0322
15.5920,-0.0773
15.5960,-0.1145
15.6000,-0.0866
15.6040,-0.1280
15.6080,-0.1134
15.6120,-0.0903
15.6160,-0.1252
15.6200,-0.1225
15.6240,-0.1391
15.6280,-0.1212
15.6320,-0.1166
15.6360,-0.1016
15.6400,-0.1075
15.6440,-0.1322
15.6480,-0.1026
15.6520,-0.1233
15.6560,-0.1211
15.6600,-0.1329
15.6640,-0.1122
15.6680,-0.1398
15.6720,-0.1629
15.6760,-0.1667
15.6800,-0.2200
15.6840,-0.1994
15.6880,-0.2143
15.6920,-0.1755
15.6960,-0.0783
15.7000,-0.0151
15.7040,0.1914
15.7080,0.3950
15.7120,0.6184
15.7160,0.8217
15.7200,0.8695
15.7240,0.7714
15.7280,0.5585
15.7320,0.3022
15.7360,0.0642
15.7400,-0.0948
15.7440,-0.2229
15.7480,-0.3367
15.7520,-0.3245
15.7560,-0.2762
15.7600,-0.2487
15.7640,-0.1660
15.7680,-0.1365
15.7720,-0.1475
15.7760,-0.1741
15.7800,-0.1271
15.7840,-0.0963
15.7880,-0.1274
15.7920,-0.1513
15.7960,-0.1405
15.8000,-0.1428
15.8040,-0.1183
15.8080,-0.1165
15.8120,-0.1318
15.8160,-0.1430
15.8200,-0.1475
15.8240,-0.1339
15.8280,-0.1362
15.8320,-0.1421
15.8360,-0.1253
15.8400,-0.1450
15.8440,-0.1367
15.8480,-0.1024
15.8520,-0.1575
15.8560,-0.1215
15.8600,-0.1153
15.8640,-0.1124
15.8680,-0.1066
15.8720,-0.1384
15.8760,-0.1286
15.8800,-0.0853
15.8840,-0.0912
15.8880,-0.0838
15.8920,-0.0567
15.8960,-0.0761
15.9000,-0.0235
15.9040,-0.0238
15.9080,-0.0275
15.9120,0.0013
15.9160,0.0090
15.9200,0.0433
15.9240,0.0477
15.9280,0.0835
15.9320,0.0992
15.9360,0.0979
15.9400,0.1424
15.9440,0.1640
15.9480,0.1495
15.9520,0.1434
15.9560,0.1421
15.9600,0.1783
15.9640,0.1978
15.9680,0.1642
15.9720,0.1549
15.9760,0.1478
15.9800,0.1492
15.9840,0.1330
15.9880,0.1112
15.9920,0.1010
15.9960,0.0768
16.0000,0.0953
16.0040,0.0655
16.0080,0.0653
16.0120,0.0413
16.0160,-0.0023
16.0200,-0.0005
16.0240,-0.0045
16.0280,-0.0342
16.0320,-0.0817
16.0360,-0.0725
16.0400,-0.0811
16.0440,-0.0803
16.0480,-0.0849
16.0520,-0.1162
16.0560,-0.1135
16.0600,-0.1031
16.0640,-0.0910
16.0680,-0.1058
16.0720,-0.1398
16.0760,-0.1281
16.0800,-0.1244
16.0840,-0.0932
16.0880,-0.1161
16.0920,-0.1401
16.0960,-0.1340
16.1000,-0.1089
16.1040,-0.1099
16.1080,-0.1161
16.1120,-0.1318
16.1160,-0.1573
16.1200,-0.1388
16.1240,-0.1086
16.1280,-0.1385
16.1320,-0.1313
16.1360,-0.1532
16.1400,-0.1245
16.1440,-0.1111
16.1480,-0.1620
16.1520,-0.1160
16.1560,-0.1168
16.1600,-0.1226
16.1640,-0.1251
16.1680,-0.1192
16.1720,-0.1458
16.1760,-0.1409
16.1800,-0.1082
16.1840,-0.1229
16.1880,-0.1067
16.1920,-0.1363
16.1960,-0.1512
16.2000,-0.1213
16.2040,-0.0839
16.2080,-0.0979
16.2120,-0.1076
16.2160,-0.1229
16.2200,-0.1179
16.2240,-0.1045
16.2280,-0.1147
16.2320,-0.1140
16.2360,-0.1170
16.2400,-0.1203
16.2440,-0.0917
16.2480,-0.1148
16.2520,-0.1171
16.2560,-0.1176
16.2600,-0.1242
16.2640,-0.1410
16.2680,-0.1054
16.2720,-0.1482
16.2760,-0.1197
16.2800,-0.1258
16.2840,-0.1153
16.2880,-0.1119
16.2920,-0.1147
16.2960,-0.1236
16.3000,-0.1233
16.3040,-0.1006
16.3080,-0.1124
16.3120,-0.1183
16.3160,-0.1161
16.3200,-0.1358
16.3240,-0.1031
16.3280,-0.1223
16.3320,-0.1184
16.3360,-0.1062
16.3400,-0.0987
16.3440,-0.0916
16.3480,-0.0833
16.3520,-0.0765
16.3560,-0.0854
16.3600,-0.0593
16.3640,-0.0559
16.3680,-0.0308
16.3720,-0.0290
16.3760,-0.0266
16.3800,-0.0071
16.3840,0.0217
16.3880,0.0125
16.3920,0.0226
16.3960,-0.0182
16.4000,-0.0018
16.4040,-0.0083
16.4080,-0.0118
16.4120,-0.0425
16.4160,-0.0594
16.4200,-0.0592
16.4240,-0.0494
16.4280,-0.0681
16.4320,-0.0836
16.4360,-0.1040
16.4400,-0.1075
16.4440,-0.1237
16.4480,-0.1053
16.4520,-0.0955
16.4560,-0.0770
16.4600,-0.1070
16.4640,-0.0973
16.4680,-0.0898
16.4720,-0.1065
16.4760,-0.0940
16.4800,-0.1186
16.4840,-0.1017
16.4880,-0.1281
16.4920,-0.1385
16.4960,-0.1712
16.5000,-0.1579
16.5040,-0.1628
16.5080,-0.1887
16.5120,-0.1734
16.5160,-0.1208
16.5200,-0.0258
16.5240,0.0916
16.5280,0.2898
16.5320,0.5083
16.5360,0.7409
16.5400,0.8845
16.5440,0.8978
16.5480,0.7318
16.5520,0.5000
16.5560,0.2218
16.5600,-0.0061
16.5640,-0.1453
16.5680,-0.2696
16.5720,-0.3322
16.5760,-0.3064
16.5800,-0.2341
16.5840,-0.1458
16.5880,-0.1338
16.5920,-0.1385
16.5960,-0.1041
16.6000,-0.0976
16.6040,-0.0728
16.6080,-0.0802
16.6120,-0.0862
16.6160,-0.1129
16.6200,-0.0749
16.6240,-0.0473
16.6280,-0.0866
16.6320,-0.0855
16.6360,-0.0906
16.6400,-0.0769
16.6440,-0.0625
16.6480,-0.0746
16.6520,-0.0838
16.6560,-0.1044
16.6600,-0.0996
16.6640,-0.0839
16.6680,-0.0722
16.6720,-0.0612
16.6760,-0.0675
16.6800,-0.0512
16.6840,-0.0450
16.6880,-0.0629
16.6920,-0.0551
16.6960,-0.0802
16.7000,-0.0455
16.7040,-0.0234
16.7080,-0.0343
16.7120,-0.0423
16.7160,-0.0282
16.7200,0.0334
16.7240,-0.0072
16.7280,0.0453
16.7320,0.0455
16.7360,0.0505
16.7400,0.0590
16.7440,0.0885
16.7480,0.1360
16.7520,0.1210
16.7560,0.1428
16.7600,0.1611
16.7640,0.2182
16.7680,0.2402
16.7720,0.2056
16.7760,0.2119
16.7800,0.2462
16.7840,0.2441
16.7880,0.2283
16.7920,0.2323
16.7960,0.2241
16.8000,0.2463
16.8040,0.2303
16.8080,0.2065
16.8120,0.1593
16.8160,0.1594
16.8200,0.1505
16.8240,0.1620
16.8280,0.1282
16.8320,0.1069
16.8360,0.0878
16.8400,0.0966
16.8440,0.0704
16.8480,0.0612
16.8520,0.0438
16.8560,0.0248
16.8600,0.0197
16.8640,-0.0097
16.8680,-0.0204
16.8720,0.0051
16.8760,-0.0563
16.8800,-0.0592
16.8840,-0.0016
16.8880,-0.0294
16.8920,-0.0288
16.8960,-0.0491
16.9000,-0.0487
16.9040,-0.0331
16.9080,-0.0341
16.9120,-0.0359
16.9160,-0.0482
16.9200,-0.0414
16.9240,-0.0305
16.9280,-0.0292
16.9320,-0.0384
16.9360,-0.0606
16.9400,-0.0341
16.9440,-0.0497
16.9480,-0.0293
16.9520,-0.0347
16.9560,-0.0571
16.9600,-0.0375
16.9640,-0.0365
16.9680,-0.0447
16.9720,-0.0540
16.9760,-0.0483
16.9800,-0.0483
16.9840,-0.0036
16.9880,-0.0619
16.9920,-0.0477
16.9960,-0.0492
17.0000,-0.0464
17.0040,-0.0054
17.0080,-0.0134
17.0120,-0.0375
17.0160,-0.0266
17.0200,-0.0435
17.0240,-0.0141
17.0280,-0.0449
17.0320,-0.0558
17.0360,-0.0344
17.0400,-0.0116
17.0440,-0.0472
17.0480,-0.0204
17.0520,-0.0448
17.0560,-0.0456
17.0600,-0.0185
17.0640,-0.0503
17.0680,-0.0074
17.0720,-0.0334
17.0760,-0.0228
17.0800,-0.0373
17.0840,-0.0228
17.0880,-0.0156
17.0920,-0.0088
17.0960,-0.0160
17.1000,-0.0436
17.1040,0.0059
17.1080,-0.0101
17.1120,0.0160
17.1160,-0.0054
17.1200,-0.0184
17.1240,0.0149
17.1280,0.0127
17.1320,-0.0169
17.1360,0.0133
17.1400,-0.0195
17.1440,0.0029
17.1480,0.0092
17.1520,-0.0114
17.1560,-0.0022
17.1600,0.0024
17.1640,0.0044
17.1680,0.0328
17.1720,0.0073
17.1760,0.0273
17.1800,0.0444
17.1840,0.0690
17.1880,0.1120
17.1920,0.0708
17.1960,0.0575
17.2000,0.1174
17.2040,0.1529
17.2080,0.1364
17.2120,0.1271
17.2160,0.1078
17.2200,0.1037
17.2240,0.1069
17.2280,0.1134
17.2320,0.0418
17.2360,0.0804
17.2400,0.0629
17.2440,0.0605
17.2480,0.0240
17.2520,-0.0044
17.2560,0.0368
17.2600,0.0074
17.2640,0.0363
17.2680,0.0257
17.2720,0.0207
17.2760,-0.0060
17.2800,-0.0006
17.2840,0.0130
17.2880,0.0058
17.2920,0.0274
17.2960,-0.0237
17.3000,0.0114
17.3040,0.0335
17.3080,0.0074
17.3120,-0.0230
17.3160,0.0022
17.3200,-0.0153
17.3240,-0.0323
17.3280,-0.0451
17.3320,-0.0818
17.3360,-0.0809
17.3400,-0.0212
17.3440,0.0445
17.3480,0.1679
17.3520,0.2854
17.3560,0.4789
17.3600,0.7312
17.3640,1.0010
17.3680,1.0079
17.3720,0.9509
17.3760,0.7605
17.3800,0.5060
17.3840,0.2660
17.3880,0.0508
17.3920,-0.0899
17.3960,-0.1898
17.4000,-0.1804
17.4040,-0.1278
17.4080,-0.0910
17.4120,-0.0458
17.4160,0.0249
17.4200,0.0622
17.4240,0.0598
17.4280,0.0378
17.4320,0.0525
17.4360,0.0518
17.4400,0.0147
17.4440,0.0560
17.4480,0.0520
17.4520,0.0480
17.4560,0.0393
17.4600,0.0488
17.4640,0.0473
17.4680,0.0519
17.4720,0.0302
17.4760,0.0570
17.4800,0.0652
17.4840,0.0565
17.4880,0.0605
17.4920,0.0404
17.4960,0.0415
17.5000,0.0774
17.5040,0.0632
17.5080,0.0674
17.5120,0.0688
17.5160,0.0665
17.5200,0.0797
17.5240,0.0984
17.5280,0.1135
17.5320,0.0819
17.5360,0.0820
17.5400,0.0879
17.5440,0.1082
17.5480,0.0918
17.5520,0.1535
17.5560,0.1439
17.5600,0.1628
17.5640,0.1933
17.5680,0.2140
17.5720,0.2181
17.5760,0.2480
17.5800,0.2591
17.5840,0.3024
17.5880,0.3067
17.5920,0.3024
17.5960,0.3058
17.6000,0.3268
17.6040,0.3496
17.6080,0.3509
17.6120,0.3835
17.6160,0.3924
17.6200,0.3624
17.6240,0.3634
17.6280,0.3945
17.6320,0.3670
17.6360,0.3431
17.6400,0.3173
17.6440,0.3249
17.6480,0.3089
17.6520,0.3178
17.6560,0.2918
17.6600,0.2445
17.6640,0.2637
17.6680,0.2425
17.6720,0.2270
17.6760,0.1827
17.6800,0.1873
17.6840,0.1814
17.6880,0.1773
17.6920,0.1412
17.6960,0.1572
17.7000,0.1380
17.7040,0.1227
17.7080,0.1222
17.7120,0.0817
17.7160,0.0879
17.7200,0.0893
17.7240,0.0999
17.7280,0.1183
17.7320,0.0855
17.7360,0.0577
17.7400,0.1075
17.7440,0.0975
17.7480,0.0905
17.7520,0.1143
17.7560,0.0878
17.7600,0.0810
17.7640,0.0793
17.7680,0.0880
17.7720,0.0945
17.7760,0.0900
17.7800,0.1089
17.7840,0.0808
17.7880,0.0735
17.7920,0.0830
17.7960,0.0943
17.8000,0.0939
17.8040,0.1051
17.8080,0.1256
17.8120,0.0807
17.8160,0.0724
17.8200,0.0989
17.8240,0.1001
17.8280,0.1068
17.8320,0.0971
17.8360,0.1120
17.8400,0.1073
17.8440,0.1066
17.8480,0.1020
17.8520,0.0967
17.8560,0.0681
17.8600,0.1080
17.8640,0.1238
17.8680,0.1003
17.8720,0.0924
17.8760,0.0937
17.8800,0.1165
17.8840,0.1239
17.8880,0.1109
17.8920,0.0943
17.8960,0.0767
17.9000,0.0775
17.9040,0.1320
17.9080,0.1160
17.9120,0.0989
17.9160,0.1091
17.9200,0.0709
17.9240,0.1365
17.9280,0.0841
17.9320,0.0898
17.9360,0.1238
17.9400,0.1109
17.9440,0.1604
17.9480,0.1186
17.9520,0.1030
17.9560,0.1305
17.9600,0.1171
17.9640,0.1264
17.9680,0.1200
17.9720,0.1143
17.9760,0.1121
17.9800,0.1410
17.9840,0.1101
17.9880,0.1291
17.9920,0.1500
17.9960,0.1074
18.0000,0.1573
18.0040,0.1233
18.0080,0.1256
18.0120,0.1059
18.0160,0.1104
18.0200,0.1105
18.0240,0.1242
18.0280,0.1084
18.0320,0.1372
18.0360,0.0921
18.0400,0.1472
18.0440,0.1555
18.0480,0.1528
18.0520,0.1587
18.0560,0.1560
18.0600,0.1973
18.0640,0.2179
18.0680,0.2343
18.0720,0.2263
18.0760,0.2273
18.0800,0.2405
18.0840,0.2776
18.0880,0.2397
18.0920,0.2300
18.0960,0.1914
18.1000,0.2324
18.1040,0.2100
18.1080,0.2010
18.1120,0.1852
18.1160,0.1317
18.1200,0.1504
18.1240,0.1686
18.1280,0.1522
18.1320,0.1430
18.1360,0.1201
18.1400,0.1287
18.1440,0.1408
18.1480,0.1084
18.1520,0.1369
18.1560,0.1324
18.1600,0.1478
18.1640,0.1272
18.1680,0.1270
18.1720,0.1058
18.1760,0.1149
18.1800,0.1333
18.1840,0.1478
18.1880,0.1684
18.1920,0.1306
18.1960,0.1229
18.2000,0.1014
18.2040,0.0380
18.2080,0.0569
18.2120,0.0238
18.2160,0.0749
18.2200,0.1397
18.2240,0.2429
18.2280,0.3606
18.2320,0.5379
18.2360,0.7505
18.2400,0.9839
18.2440,1.1555
18.2480,1.0874
18.2520,0.9230
18.2560,0.6654
18.2600,0.4264
18.2640,0.2419
18.2680,0.0620
18.2720,-0.0401
18.2760,-0.0677
18.2800,-0.0392
18.2840,0.0036
18.2880,0.0774
18.2920,0.0877
18.2960,0.1006
18.3000,0.1381
18.3040,0.1497
18.3080,0.1485
18.3120,0.1336
18.3160,0.1489
18.3200,0.1410
18.3240,0.1429
18.3280,0.1676
18.3320,0.1853
18.3360,0.1340
18.3400,0.1255
18.3440,0.1782
18.3480,0.1557
18.3520,0.1452
18.3560,0.1271
18.3600,0.1402
18.3640,0.1529
18.3680,0.1777
18.3720,0.1107
18.3760,0.1614
18.3800,0.1655
18.3840,0.1802
18.3880,0.1447
18.3920,0.1356
18.3960,0.1418
18.4000,0.1714
18.4040,0.1917
18.4080,0.1906
18.4120,0.1784
18.4160,0.1941
18.4200,0.2228
18.4240,0.1985
18.4280,0.2123
18.4320,0.2387
18.4360,0.2106
18.4400,0.2606
18.4440,0.2742
18.4480,0.2846
18.4520,0.3047
18.4560,0.3039
18.4600,0.3164
18.4640,0.3627
18.4680,0.3306
18.4720,0.3550
18.4760,0.3478
18.4800,0.3909
18.4840,0.4500
18.4880,0.4319
18.4920,0.4289
18.4960,0.4042
18.5000,0.4306
18.5040,0.4601
18.5080,0.4623
18.5120,0.4522
18.5160,0.4564
18.5200,0.4302
18.5240,0.4097
18.5280,0.4102
18.5320,0.3955
18.5360,0.3600
18.5400,0.3887
18.5440,0.3800
18.5480,0.3365
18.5520,0.3032
18.5560,0.2938
18.5600,0.2958
18.5640,0.2957
18.5680,0.2525
18.5720,0.2428
18.5760,0.2472
18.5800,0.2259
18.5840,0.2170
18.5880,0.2059
18.5920,0.1785
18.5960,0.1869
18.6000,0.1707
18.6040,0.1747
18.6080,0.1692
18.6120,0.1490
18.6160,0.1635
18.6200,0.1543
18.6240,0.1745
18.6280,0.1521
18.6320,0.1319
18.6360,0.1520
18.6400,0.1452
18.6440,0.1584
18.6480,0.1720
18.6520,0.1336
18.6560,0.1205
18.6600,0.1451
18.6640,0.1360
18.6680,0.1499
18.6720,0.1317
18.6760,0.1464
18.6800,0.1522
18.6840,0.1737
18.6880,0.1323
18.6920,0.1610
18.6960,0.1294
18.7000,0.1687
18.7040,0.1669
18.7080,0.1516
18.7120,0.1582
18.7160,0.1445
18.7200,0.1689
18.7240,0.1513
18.7280,0.1361
18.7320,0.1430
18.7360,0.1442
18.7400,0.1519
18.7440,0.1636
18.7480,0.1464
18.7520,0.1344
18.7560,0.1351
18.7600,0.1862
18.7640,0.1501
18.7680,0.1394
18.7720,0.1578
18.7760,0.1350
18.7800,0.1660
18.7840,0.1551
18.7880,0.1395
18.7920,0.1378
18.7960,0.1098
18.8000,0.1349
18.8040,0.1503
18.8080,0.1242
18.8120,0.1366
18.8160,0.1495
18.8200,0.1313
18.8240,0.1553
18.8280,0.1713
18.8320,0.1560
18.8360,0.1443
18.8400,0.1274
18.8440,0.1410
18.8480,0.1213
18.8520,0.1439
18.8560,0.1010
18.8600,0.1204
18.8640,0.1274
18.8680,0.1525
18.8720,0.1379
18.8760,0.1114
18.8800,0.1310
18.8840,0.1535
18.8880,0.1457
18.8920,0.1295
18.8960,0.1355
18.9000,0.1302
18.9040,0.1374
18.9080,0.1220
18.9120,0.1239
18.9160,0.1354
18.9200,0.1495
18.9240,0.1551
18.9280,0.1478
18.9320,0.1175
18.9360,0.1015
18.9400,0.1469
18.9440,0.1265
18.9480,0.1395
18.9520,0.1293
18.9560,0.1480
18.9600,0.1342
18.9640,0.1822
18.9680,0.1572
18.9720,0.1247
18.9760,0.1303
18.9800,0.1643
18.9840,0.1844
18.9880,0.2120
18.9920,0.1943
18.9960,0.2176
19.0000,0.2131
19.0040,0.2584
19.0080,0.2624
19.0120,0.2437
19.0160,0.2324
19.0200,0.2360
19.0240,0.2496
19.0280,0.2251
19.0320,0.1935
19.0360,0.1835
19.0400,0.1610
19.0440,0.1841
19.0480,0.1639
19.0520,0.1469
19.0560,0.1153
19.0600,0.1312
19.0640,0.1516
19.0680,0.1372
19.0720,0.1252
19.0760,0.1008
19.0800,0.1179
19.0840,0.1477
19.0880,0.1374
19.0920,0.1397
19.0960,0.1074
19.1000,0.1196
19.1040,0.1096
19.1080,0.1128
19.1120,0.1258
19.1160,0.0966
19.1200,0.0996
19.1240,0.0898
19.1280,0.0607
19.1320,0.0015
19.1360,0.0177
19.1400,0.0690
19.1440,0.0901
19.1480,0.2060
19.1520,0.3260
19.1560,0.5041
19.1600,0.7678
19.1640,1.0093
19.1680,1.0812
19.1720,1.0471
19.1760,0.8624
19.1800,0.6565
19.1840,0.3975
19.1880,0.1831
19.1920,0.0240
19.1960,-0.0621
19.2000,-0.1010
19.2040,-0.0490
19.2080,-0.0255
19.2120,0.0157
19.2160,0.0463
19.2200,0.1032
19.2240,0.0975
19.2280,0.0922
19.2320,0.1116
19.2360,0.0732
19.2400,0.0932
19.2440,0.1366
19.2480,0.0817
19.2520,0.0812
19.2560,0.0880
19.2600,0.0862
19.2640,0.1190
19.2680,0.0764
19.2720,0.0977
19.2760,0.0839
19.2800,0.1200
19.2840,0.1058
19.2880,0.1232
19.2920,0.1111
19.2960,0.1009
19.3000,0.0960
19.3040,0.1296
19.3080,0.1242
19.3120,0.0961
19.3160,0.1005
19.3200,0.1098
19.3240,0.1121
19.3280,0.1288
19.3320,0.1225
19.3360,0.1196
19.3400,0.1176
19.3440,0.1636
19.3480,0.1824
19.3520,0.1775
19.3560,0.1814
19.3600,0.2079
19.3640,0.2251
19.3680,0.2193
19.3720,0.2328
19.3760,0.2581
19.3800,0.2533
19.3840,0.3268
19.3880,0.3439
19.3920,0.3045
19.3960,0.3272
19.4000,0.3519
19.4040,0.3733
19.4080,0.3700
19.4120,0.3902
19.4160,0.3746
19.4200,0.3803
19.4240,0.3793
19.4280,0.3749
19.4320,0.3505
19.4360,0.3047
19.4400,0.3210
19.4440,0.3252
19.4480,0.3153
19.4520,0.2715
19.4560,0.2462
19.4600,0.2456
19.4640,0.2211
19.4680,0.2136
19.4720,0.1809
19.4760,0.1360
19.4800,0.1780
19.4840,0.1792
19.4880,0.1278
19.4920,0.1162
19.4960,0.0961
19.5000,0.1120
19.5040,0.1297
19.5080,0.0873
19.5120,0.0338
19.5160,0.0737
19.5200,0.0975
19.5240,0.0504
19.5280,0.0575
19.5320,0.0537
19.5360,0.0653
19.5400,0.0406
19.5440,0.0793
19.5480,0.0434
19.5520,0.0573
19.5560,0.0523
19.5600,0.0485
19.5640,0.0371
19.5680,0.0471
19.5720,0.0621
19.5760,0.0248
19.5800,0.0349
19.5840,0.0471
19.5880,0.0739
19.5920,0.0458
19.5960,0.0556
19.6000,0.0479
19.6040,0.0506
19.6080,0.0219
19.6120,0.0514
19.6160,0.0471
19.6200,0.0286
19.6240,0.0375
19.6280,0.0321
19.6320,0.0528
19.6360,0.0550
19.6400,0.0084
19.6440,0.0388
19.6480,0.0261
19.6520,0.0296
19.6560,0.0233
19.6600,0.0360
19.6640,0.0329
19.6680,0.0239
19.6720,0.0158
19.6760,0.0539
19.6800,0.0191
19.6840,0.0429
19.6880,0.0625
19.6920,0.0335
19.6960,0.0304
19.7000,0.0190
19.7040,0.0593
19.7080,0.0381
19.7120,0.0233
19.7160,0.0340
19.7200,0.0172
19.7240,0.0299
19.7280,0.0383
19.7320,0.0128
19.7360,0.0424
19.7400,0.0267
19.7440,0.0200
19.7480,0.0237
19.7520,0.0024
19.7560,0.0182
19.7600,0.0292
19.7640,0.0578
19.7680,0.0140
19.7720,0.0118
19.7760,-0.0004
19.7800,0.0378
19.7840,0.0129
19.7880,0.0116
19.7920,0.0119
19.7960,0.0326
19.8000,0.0327
19.8040,0.0532
19.8080,0.0456
19.8120,0.0265
19.8160,0.0402
19.8200,0.0309
19.8240,0.0518
19.8280,0.0828
19.8320,0.0600
19.8360,0.0748
19.8400,0.0874
19.8440,0.1328
19.8480,0.1081
19.8520,0.1424
19.8560,0.1177
19.8600,0.1164
19.8640,0.1243
19.8680,0.0925
19.8720,0.0747
19.8760,0.0444
19.8800,0.0536
19.8840,0.0437
19.8880,0.0240
19.8920,0.0377
19.8960,-0.0144
19.9000,0.0164
19.9040,0.0028
19.9080,0.0196
19.9120,-0.0234
19.9160,-0.0228
19.9200,-0.0116
19.9240,0.0210
19.9280,0.0008
19.9320,-0.0162
19.9360,-0.0169
19.9400,-0.0026
19.9440,0.0075
19.9480,-0.0120
19.9520,-0.0424
19.9560,-0.0401
19.9600,-0.0550
19.9640,-0.0813
19.9680,-0.1417
19.9720,-0.1111
19.9760,-0.0946
19.9800,-0.0537
19.9840,0.0385
19.9880,0.1712
19.9920,0.3538
19.9960,0.5819
20.0000,0.8085
20.0040,0.9497
20.0080,0.9642
20.0120,0.7783
20.0160,0.5528
20.0200,0.3040
20.0240,0.0684
20.0280,-0.0816
20.0320,-0.2106
20.0360,-0.2403
20.0400,-0.2213
20.0440,-0.1887
20.0480,-0.1230
20.0520,-0.0762
20.0560,-0.0737
20.0600,-0.0574
20.0640,-0.0242
20.0680,-0.0415
20.0720,-0.0612
20.0760,-0.0600
20.0800,-0.0266
20.0840,-0.0192
20.0880,-0.0424
20.0920,-0.0712
20.0960,-0.0298
20.1000,-0.0423
20.1040,-0.0078
20.1080,-0.0268
20.1120,-0.0246
20.1160,-0.0544
20.1200,-0.0483
20.1240,-0.0314
20.1280,-0.0364
20.1320,-0.0301
20.1360,-0.0408
20.1400,0.0106
20.1440,-0.0264
20.1480,-0.0351
20.1520,-0.0253
20.1560,-0.0456
20.1600,-0.0231
20.1640,-0.0086
20.1680,-0.0096
20.1720,0.0050
20.1760,0.0051
20.1800,0.0077
20.1840,0.0410
20.1880,0.0599
20.1920,0.0407
20.1960,0.0432
20.2000,0.0992
20.2040,0.0940
20.2080,0.0902
20.2120,0.1172
20.2160,0.1077
20.2200,0.1529
20.2240,0.2043
20.2280,0.2185
20.2320,0.2003
20.2360,0.2014
20.2400,0.2234
20.2440,0.2558
20.2480,0.2622
20.2520,0.2045
20.2560,0.2209
20.2600,0.2281
20.2640,0.2251
20.2680,0.1856
20.2720,0.1825
20.2760,0.1782
20.2800,0.1681
20.2840,0.1409
20.2880,0.1482
20.2920,0.1120
20.2960,0.0907
20.3000,0.0890
20.3040,0.0710
20.3080,0.0381
20.3120,0.0095
20.3160,0.0098
20.3200,-0.0165
20.3240,-0.0229
20.3280,-0.0240
20.3320,-0.0600
20.3360,-0.0364
20.3400,-0.0499
20.3440,-0.0537
20.3480,-0.0580
20.3520,-0.0775
20.3560,-0.0837
20.3600,-0.0893
20.3640,-0.0481
20.3680,-0.0589
20.3720,-0.0897
20.3760,-0.1051
20.3800,-0.0649
20.3840,-0.0857
20.3880,-0.0819
20.3920,-0.0918
20.3960,-0.1011
20.4000,-0.0608
20.4040,-0.0641
20.4080,-0.0580
20.4120,-0.0847
20.4160,-0.1028
20.4200,-0.1186
20.4240,-0.0951
20.4280,-0.0750
20.4320,-0.1181
20.4360,-0.1090
20.4400,-0.0906
20.4440,-0.0838
20.4480,-0.0807
20.4520,-0.1275
20.4560,-0.1046
20.4600,-0.1020
20.4640,-0.0714
20.4680,-0.1041
20.4720,-0.1062
20.4760,-0.1094
20.4800,-0.1128
20.4840,-0.0673
20.4880,-0.0924
20.4920,-0.1036
20.4960,-0.0923
20.5000,-0.0997
20.5040,-0.0735
20.5080,-0.0926
20.5120,-0.1169
20.5160,-0.0870
20.5200,-0.1093
20.5240,-0.0834
20.5280,-0.1104
20.5320,-0.0984
20.5360,-0.1030
20.5400,-0.0948
20.5440,-0.0910
20.5480,-0.0779
20.5520,-0.0992
20.5560,-0.1388
20.5600,-0.1004
20.5640,-0.1058
20.5680,-0.0960
20.5720,-0.0844
20.5760,-0.1201
20.5800,-0.1212
20.5840,-0.1002
20.5880,-0.0864
20.5920,-0.1090
20.5960,-0.1232
20.6000,-0.1024
20.6040,-0.0975
20.6080,-0.1252
20.6120,-0.1419
20.6160,-0.0845
20.6200,-0.0874
20.6240,-0.0967
20.6280,-0.0799
20.6320,-0.1045
20.6360,-0.0975
20.6400,-0.0442
20.6440,-0.0450
20.6480,-0.0058
20.6520,-0.0136
20.6560,-0.0394
20.6600,-0.0129
20.6640,0.0177
20.6680,0.0260
20.6720,-0.0343
20.6760,-0.0203
20.6800,-0.0093
20.6840,-0.0122
20.6880,-0.0025
20.6920,-0.0469
20.6960,-0.0765
20.7000,-0.0922
20.7040,-0.0872
20.7080,-0.0771
20.7120,-0.1113
20.7160,-0.1108
20.7200,-0.1208
20.7240,-0.1339
20.7280,-0.1151
20.7320,-0.1246
20.7360,-0.1225
20.7400,-0.1389
20.7440,-0.1033
20.7480,-0.1073
20.7520,-0.1420
20.7560,-0.1548
20.7600,-0.1324
20.7640,-0.1042
20.7680,-0.0922
20.7720,-0.1555
20.7760,-0.1859
20.7800,-0.2045
20.7840,-0.2026
20.7880,-0.2393
20.7920,-0.1894
20.7960,-0.1764
20.8000,-0.0509
20.8040,0.0621
20.8080,0.2750
20.8120,0.4563
20.8160,0.6940
20.8200,0.8641
20.8240,0.8402
20.8280,0.7138
20.8320,0.4654
20.8360,0.1597
20.8400,-0.0336
20.8440,-0.1828
20.8480,-0.3115
20.8520,-0.3340
20.8560,-0.3278
20.8600,-0.2740
20.8640,-0.2165
20.8680,-0.1720
20.8720,-0.1696
20.8760,-0.1611
20.8800,-0.1667
20.8840,-0.1183
20.8880,-0.1329
20.8920,-0.1155
20.8960,-0.1188
20.9000,-0.1588
20.9040,-0.1270
20.9080,-0.1476
20.9120,-0.1188
20.9160,-0.1603
20.9200,-0.1358
20.9240,-0.1324
20.9280,-0.1428
20.9320,-0.1634
20.9360,-0.1394
20.9400,-0.1166
20.9440,-0.1142
20.9480,-0.1211
20.9520,-0.0923
20.9560,-0.1289
20.9600,-0.1412
20.9640,-0.1067
20.9680,-0.1355
20.9720,-0.1450
20.9760,-0.0999
20.9800,-0.1024
20.9840,-0.0794
20.9880,-0.0861
20.9920,-0.1021
20.9960,-0.0819
21.0000,-0.0482
21.0040,-0.0495
21.0080,-0.0184
21.0120,-0.0164
21.0160,-0.0341
21.0200,-0.0044
21.0240,0.0309
21.0280,0.0521
21.0320,0.0559
21.0360,0.0882
21.0400,0.0813
21.0440,0.0976
21.0480,0.1372
21.0520,0.1167
21.0560,0.1591
21.0600,0.1591
21.0640,0.1823
21.0680,0.1466
21.0720,0.1589
21.0760,0.1382
21.0800,0.1565
21.0840,0.1616
21.0880,0.0968
21.0920,0.0921
21.0960,0.1121
21.1000,0.0766
21.1040,0.0819
21.1080,0.0338
21.1120,0.0307
21.1160,-0.0009
21.1200,-0.0041
21.1240,-0.0170
21.1280,-0.0546
21.1320,-0.0621
21.1360,-0.0708
21.1400,-0.0884
21.1440,-0.0710
21.1480,-0.1060
21.1520,-0.1417
21.1560,-0.1103
21.1600,-0.1168
21.1640,-0.0918
21.1680,-0.1171
21.1720,-0.1401
21.1760,-0.1407
21.1800,-0.1146
21.1840,-0.1424
21.1880,-0.1283
21.1920,-0.1361
21.1960,-0.1476
21.2000,-0.1677
21.2040,-0.1161
21.2080,-0.1533
21.2120,-0.1612
21.2160,-0.1752
21.2200,-0.1336
21.2240,-0.1239
21.2280,-0.1333
21.2320,-0.1405
21.2360,-0.1310
21.2400,-0.1454
21.2440,-0.1303
21.2480,-0.1436
21.2520,-0.1492
21.2560,-0.1635
21.2600,-0.1658
21.2640,-0.1736
21.2680,-0.1295
21.2720,-0.1253
21.2760,-0.1556
21.2800,-0.1723
21.2840,-0.1322
21.2880,-0.1383
21.2920,-0.1458
21.2960,-0.1796
21.3000,-0.1262
21.3040,-0.1520
21.3080,-0.1483
21.3120,-0.1583
21.3160,-0.1804
21.3200,-0.1469
21.3240,-0.1346
21.3280,-0.1290
21.3320,-0.1466
21.3360,-0.1277
21.3400,-0.1191
21.3440,-0.1287
21.3480,-0.1306
21.3520,-0.1414
21.3560,-0.1481
21.3600,-0.1825
21.3640,-0.1356
21.3680,-0.1310
21.3720,-0.1121
21.3760,-0.1598
21.3800,-0.1328
21.3840,-0.1311
21.3880,-0.1107
21.3920,-0.1068
21.3960,-0.1605
21.4000,-0.1422
21.4040,-0.1445
21.4080,-0.1153
21.4120,-0.1522
21.4160,-0.1568
21.4200,-0.1166
21.4240,-0.1284
21.4280,-0.1417
21.4320,-0.1425
21.4360,-0.1394
21.4400,-0.1192
21.4440,-0.0946
21.4480,-0.0907
21.4520,-0.1220
21.4560,-0.0928
21.4600,-0.0883
21.4640,-0.0536
21.4680,-0.0717
21.4720,-0.0602
21.4760,-0.0431
21.4800,-0.0061
21.4840,0.0059
21.4880,-0.0008
21.4920,-0.0183
21.4960,-0.0582
21.5000,-0.0176
21.5040,-0.0391
21.5080,-0.0432
21.5120,-0.0671
21.5160,-0.0803
21.5200,-0.0840
21.5240,-0.0984
21.5280,-0.0547
21.5320,-0.1245
21.5360,-0.1019
21.5400,-0.1373
21.5440,-0.0926
21.5480,-0.0960
21.5520,-0.1249
21.5560,-0.1333
21.5600,-0.1190
21.5640,-0.1035
21.5680,-0.1307
21.5720,-0.1170
21.5760,-0.1432
21.5800,-0.1221
21.5840,-0.1052
21.5880,-0.1337
21.5920,-0.1212
21.5960,-0.1392
21.6000,-0.1571
21.6040,-0.1588
21.6080,-0.1816
21.6120,-0.2052
21.6160,-0.2183
21.6200,-0.1975
21.6240,-0.1296
21.6280,-0.0824
21.6320,0.0311
21.6360,0.2324
21.6400,0.4735
21.6440,0.7153
21.6480,0.8574
21.6520,0.8578
21.6560,0.7026
21.6600,0.4916
21.6640,0.2045
21.6680,0.0156
21.6720,-0.1832
21.6760,-0.2648
21.6800,-0.3223
21.6840,-0.2940
21.6880,-0.2431
21.6920,-0.2101
21.6960,-0.1691
21.7000,-0.1323
21.7040,-0.1373
21.7080,-0.1119
21.7120,-0.1307
21.7160,-0.1357
21.7200,-0.1315
21.7240,-0.1267
21.7280,-0.1093
21.7320,-0.1136
21.7360,-0.1005
21.7400,-0.1139
21.7440,-0.1042
21.7480,-0.1247
21.7520,-0.1254
21.7560,-0.1119
21.7600,-0.1109
21.7640,-0.0759
21.7680,-0.0989
21.7720,-0.0952
21.7760,-0.1385
21.7800,-0.0924
21.7840,-0.0986
21.7880,-0.0947
21.7920,-0.1233
21.7960,-0.0892
21.8000,-0.0985
21.8040,-0.1022
21.8080,-0.0739
21.8120,-0.0644
21.8160,-0.0796
21.8200,-0.0593
21.8240,-0.0501
21.8280,-0.0504
21.8320,-0.0544
21.8360,-0.0177
21.8400,-0.0054
21.8440,0.0198
21.8480,0.0221
21.8520,0.0124
21.8560,0.0446
21.8600,0.0257
21.8640,0.0785
21.8680,0.0981
21.8720,0.1157
21.8760,0.1230
21.8800,0.1447
21.8840,0.1777
21.8880,0.1879
21.8920,0.1619
21.8960,0.1941
21.9000,0.1921
21.9040,0.2176
21.9080,0.2131
21.9120,0.2008
21.9160,0.1674
21.9200,0.1773
21.9240,0.1790
21.9280,0.1805
21.9320,0.1932
21.9360,0.1500
21.9400,0.1294
21.9440,0.1245
21.9480,0.1090
21.9520,0.0914
21.9560,0.0564
21.9600,0.0783
21.9640,0.0492
21.9680,0.0309
21.9720,0.0086
21.9760,0.0200
21.9800,-0.0197
21.9840,-0.0279
21.9880,-0.0090
21.9920,-0.0486
21.9960,-0.0517
22.0000,-0.0341
22.0040,-0.0591
22.0080,-0.0617
22.0120,-0.0587
22.0160,-0.0838
22.0200,-0.0869
22.0240,-0.0667
22.0280,-0.0688
22.0320,-0.0841
22.0360,-0.0902
22.0400,-0.0761
22.0440,-0.0892
22.0480,-0.0564
22.0520,-0.0743
22.0560,-0.0909
22.0600,-0.0726
22.0640,-0.0638
22.0680,-0.0813
22.0720,-0.0728
22.0760,-0.0893
22.0800,-0.0837
22.0840,-0.0496
22.0880,-0.0568
22.0920,-0.0701
22.0960,-0.0868
22.1000,-0.0641
22.1040,-0.0615
22.1080,-0.0542
22.1120,-0.0744
22.1160,-0.0740
22.1200,-0.0426
22.1240,-0.0480
22.1280,-0.0615
22.1320,-0.0917
22.1360,-0.0666
22.1400,-0.0686
22.1440,-0.0620
22.1480,-0.0590
22.1520,-0.0873
22.1560,-0.0629
22.1600,-0.0686
22.1640,-0.0405
22.1680,-0.0342
22.1720,-0.0610
22.1760,-0.0549
22.1800,-0.0519
22.1840,-0.0627
22.1880,-0.0506
22.1920,-0.0673
22.1960,-0.0617
22.2000,-0.0639
22.2040,-0.0244
22.2080,-0.0273
22.2120,-0.0470
22.2160,-0.0683
22.2200,-0.0410
22.2240,-0.0180
22.2280,-0.0441
22.2320,-0.0482
22.2360,-0.0549
22.2400,-0.0351
22.2440,-0.0148
22.2480,-0.0304
22.2520,-0.0455
22.2560,-0.0511
22.2600,-0.0469
22.2640,-0.0497
22.2680,-0.0265
22.2720,-0.0550
22.2760,-0.0366
22.2800,-0.0412
22.2840,-0.0224
22.2880,-0.0439
22.2920,-0.0454
22.2960,-0.0648
22.3000,-0.0171
22.3040,-0.0321
22.3080,-0.0372
22.3120,-0.0213
22.3160,-0.0556
22.3200,-0.0471
22.3240,-0.0412
22.3280,-0.0526
22.3320,-0.0198
22.3360,-0.0091
22.3400,-0.0130
22.3440,-0.0167
22.3480,-0.0329
22.3520,-0.0314
22.3560,-0.0251
22.3600,-0.0003
22.3640,0.0222
22.3680,0.0295
22.3720,0.0335
22.3760,0.0528
22.3800,0.0434
22.3840,0.1232
22.3880,0.1033
22.3920,0.0923
22.3960,0.1066
22.4000,0.0718
22.4040,0.1039
22.4080,0.1024
22.4120,0.0900
22.4160,0.0561
22.4200,0.0580
22.4240,0.0375
22.4280,0.0257
22.4320,0.0129
22.4360,-0.0343
22.4400,0.0050
22.4440,0.0165
22.4480,0.0136
22.4520,-0.0011
22.4560,-0.0059
22.4600,-0.0074
22.4640,0.0083
22.4680,0.0119
22.4720,0.0227
22.4760,-0.0053
22.4800,-0.0204
22.4840,0.0100
22.4880,-0.0354
22.4920,-0.0432
22.4960,-0.0105
22.5000,-0.0080
22.5040,0.0089
22.5080,-0.0103
22.5120,-0.0474
22.5160,-0.0352
22.5200,-0.0917
22.5240,-0.0970
22.5280,-0.0860
22.5320,-0.0133
22.5360,-0.0034
22.5400,0.1384
22.5440,0.2963
22.5480,0.4927
22.5520,0.7169
22.5560,0.9282
22.5600,1.0004
22.5640,0.9226
22.5680,0.7311
22.5720,0.4742
22.5760,0.2394
22.5800,0.0107
22.5840,-0.0972
22.5880,-0.1743
22.5920,-0.2094
22.5960,-0.1814
22.6000,-0.0966
22.6040,-0.0365
22.6080,-0.0021
22.6120,-0.0078
22.6160,-0.0093
22.6200,-0.0100
22.6240,0.0609
22.6280,0.0119
22.6320,-0.0008
22.6360,0.0121
22.6400,-0.0016
22.6440,0.0194
22.6480,0.0249
22.6520,-0.0098
22.6560,0.0068
22.6600,0.0028
22.6640,0.0276
22.6680,0.0186
22.6720,0.0370
22.6760,0.0118
22.6800,0.0293
22.6840,0.0021
22.6880,0.0244
22.6920,0.0035
22.6960,0.0213
22.7000,0.0507
22.7040,0.0261
22.7080,0.0371
22.7120,0.0192
22.7160,0.0524
22.7200,0.0496
22.7240,0.0500
22.7280,0.0646
22.7320,0.0639
22.7360,0.0844
22.7400,0.0917
22.7440,0.1019
22.7480,0.0922
22.7520,0.1107
22.7560,0.1471
22.7600,0.1479
22.7640,0.1618
22.7680,0.1923
22.7720,0.1889
22.7760,0.2171
22.7800,0.2308
22.7840,0.2794
22.7880,0.3093
22.7920,0.2827
22.7960,0.3029
22.8000,0.3204
22.8040,0.3379
22.8080,0.3500
22.8120,0.3269
22.8160,0.3633
22.8200,0.3400
22.8240,0.3426
22.8280,0.3536
22.8320,0.3368
22.8360,0.3019
22.8400,0.3163
22.8440,0.2981
22.8480,0.2939
22.8520,0.2698
22.8560,0.2322
22.8600,0.2336
22.8640,0.2283
22.8680,0.1900
22.8720,0.1602
22.8760,0.1555
22.8800,0.1593
22.8840,0.1449
22.8880,0.1386
22.8920,0.1090
22.8960,0.0821
22.9000,0.1354
22.9040,0.0732
22.9080,0.1014
22.9120,0.0801
22.9160,0.0450
22.9200,0.0512
22.9240,0.0780
22.9280,0.0571
22.9320,0.0479
22.9360,0.0466
22.9400,0.0565
22.9440,0.0616
22.9480,0.0685
22.9520,0.0374
22.9560,0.0584
22.9600,0.0547
22.9640,0.0758
22.9680,0.0694
22.9720,0.0852
22.9760,0.0449
22.9800,0.0162
22.9840,0.0479
22.9880,0.0685
22.9920,0.0453
22.9960,0.0480
23.0000,0.0716
23.0040,0.0724
23.0080,0.0714
23.0120,0.0319
23.0160,0.0889
23.0200,0.0947
23.0240,0.0861
23.0280,0.0779
23.0320,0.0503
23.0360,0.0868
23.0400,0.0755
23.0440,0.0989
23.0480,0.0631
23.0520,0.0725
23.0560,0.0713
23.0600,0.0635
23.0640,0.0822
23.0680,0.0870
23.0720,0.0718
23.0760,0.0552
23.0800,0.0470
23.0840,0.0693
23.0880,0.0633
23.0920,0.0802
23.0960,0.0467
23.1000,0.0530
23.1040,0.0787
23.1080,0.0659
23.1120,0.0637
23.1160,0.0728
23.1200,0.0709
23.1240,0.0849
23.1280,0.0926
23.1320,0.0333
23.1360,0.0655
23.1400,0.0780
23.1440,0.0953
23.1480,0.0658
23.1520,0.0767
23.1560,0.0630
23.1600,0.0606
23.1640,0.0976
23.1680,0.1071
23.1720,0.0759
23.1760,0.0933
23.1800,0.0639
23.1840,0.0992
23.1880,0.0907
23.1920,0.0940
23.1960,0.0798
23.2000,0.0758
23.2040,0.0956
23.2080,0.0781
23.2120,0.0580
23.2160,0.0695
23.2200,0.0713
23.2240,0.1149
23.2280,0.0855
23.2320,0.0730
23.2360,0.0952
23.2400,0.1038
23.2440,0.1073
23.2480,0.0883
23.2520,0.0955
23.2560,0.0884
23.2600,0.1163
23.2640,0.1040
23.2680,0.1137
23.2720,0.1568
23.2760,0.1114
23.2800,0.1236
23.2840,0.1626
23.2880,0.1674
23.2920,0.1608
23.2960,0.2051
23.3000,0.2274
23.3040,0.2098
23.3080,0.2413
23.3120,0.2077
23.3160,0.2126
23.3200,0.1863
23.3240,0.1746
23.3280,0.1957
23.3320,0.1963
23.3360,0.1162
23.3400,0.1759
23.3440,0.1552
23.3480,0.1369
23.3520,0.0963
23.3560,0.1066
23.3600,0.0951
23.3640,0.1250
23.3680,0.1041
23.3720,0.0685
23.3760,0.0823
23.3800,0.1141
23.3840,0.1076
23.3880,0.1132
23.3920,0.0869
23.3960,0.0950
23.4000,0.1292
23.4040,0.0935
23.4080,0.1068
23.4120,0.1082
23.4160,0.0988
23.4200,0.0987
23.4240,0.0754
23.4280,0.0325
23.4320,-0.0147
23.4360,0.0073
23.4400,0.0286
23.4440,0.0803
23.4480,0.1732
23.4520,0.2676
23.4560,0.4584
23.4600,0.6749
23.4640,0.9186
23.4680,1.0662
23.4720,1.0785
23.4760,0.9535
23.4800,0.7311
23.4840,0.4798
23.4880,0.2211
23.4920,0.0451
23.4960,-0.0703
23.5000,-0.0986
23.5040,-0.0848
23.5080,-0.0305
23.5120,-0.0015
23.5160,0.0755
23.5200,0.0957
23.5240,0.1065
23.5280,0.1156
23.5320,0.1192
23.5360,0.0763
23.5400,0.0749
23.5440,0.1295
23.5480,0.1396
23.5520,0.1121
23.5560,0.1036
23.5600,0.0995
23.5640,0.1034
23.5680,0.1015
23.5720,0.0618
23.5760,0.1080
23.5800,0.1312
23.5840,0.1070
23.5880,0.1290
23.5920,0.0915
23.5960,0.1195
23.6000,0.0947
23.6040,0.1190
23.6080,0.1049
23.6120,0.0896
23.6160,0.1065
23.6200,0.1068
23.6240,0.1142
23.6280,0.1510
23.6320,0.1214
23.6360,0.1352
23.6400,0.1370
23.6440,0.1820
23.6480,0.1621
23.6520,0.1774
23.6560,0.1960
23.6600,0.1885
23.6640,0.2462
23.6680,0.2200
23.6720,0.2450
23.6760,0.2379
23.6800,0.2786
23.6840,0.3087
23.6880,0.3125
23.6920,0.3337
23.6960,0.3222
23.7000,0.3349
23.7040,0.3946
23.7080,0.3743
23.7120,0.4001
23.7160,0.4271
23.7200,0.3969
23.7240,0.4172
23.7280,0.4293
23.7320,0.4222
23.7360,0.3976
23.7400,0.3923
23.7440,0.4101
23.7480,0.3836
23.7520,0.3494
23.7560,0.3591
23.7600,0.3519
23.7640,0.3458
23.7680,0.2882
23.7720,0.2882
23.7760,0.2434
23.7800,0.2638
23.7840,0.2359
23.7880,0.2091
23.7920,0.1914
23.7960,0.1798
23.8000,0.1754
23.8040,0.1977
23.8080,0.1903
23.8120,0.1235
23.8160,0.1364
23.8200,0.1333
23.8240,0.1469
23.8280,0.1163
23.8320,0.1234
23.8360,0.1132
23.8400,0.1357
23.8440,0.1151
23.8480,0.1038
23.8520,0.1119
23.8560,0.1069
23.8600,0.1284
23.8640,0.1106
23.8680,0.0987
23.8720,0.1359
23.8760,0.1300
23.8800,0.1344
23.8840,0.1172
23.8880,0.1505
23.8920,0.1226
23.8960,0.0969
23.9000,0.1120
23.9040,0.1135
23.9080,0.1171
23.9120,0.0804
23.9160,0.1099
23.9200,0.1099
23.9240,0.1103
23.9280,0.1155
23.9320,0.0812
23.9360,0.0973
23.9400,0.1272
23.9440,0.1210
23.9480,0.1134
23.9520,0.1214
23.9560,0.0932
23.9600,0.1111
23.9640,0.1312
23.9680,0.1096
23.9720,0.1127
23.9760,0.0922
23.9800,0.1156
23.9840,0.1222
23.9880,0.1242
23.9920,0.0996
23.9960,0.0865
24.0000,0.1355
24.0040,0.1325
24.0080,0.1097
24.0120,0.0935
24.0160,0.0864
24.0200,0.1169
24.0240,0.1276
24.0280,0.1041
24.0320,0.0828
24.0360,0.0920
24.0400,0.0824
24.0440,0.1072
24.0480,0.1043
24.0520,0.0752
24.0560,0.1079
24.0600,0.0867
24.0640,0.1304
24.0680,0.1220
24.0720,0.0983
24.0760,0.0670
24.0800,0.1021
24.0840,0.1204
24.0880,0.0890
24.0920,0.0748
24.0960,0.0908
24.1000,0.1088
24.1040,0.1358
24.1080,0.1046
24.1120,0.1105
24.1160,0.0939
24.1200,0.0873
24.1240,0.1046
24.1280,0.1172
24.1320,0.0973
24.1360,0.0795
24.1400,0.0957
24.1440,0.1056
24.1480,0.1041
24.1520,0.0884
24.1560,0.1040
24.1600,0.1078
24.1640,0.1153
24.1680,0.1173
24.1720,0.1008
24.1760,0.1344
24.1800,0.1380
24.1840,0.1158
24.1880,0.1669
24.1920,0.1483
24.1960,0.1460
24.2000,0.1780
24.2040,0.1799
24.2080,0.2264
24.2120,0.2062
24.2160,0.2250
24.2200,0.2354
24.2240,0.2016
24.2280,0.2014
24.2320,0.1955
24.2360,0.1649
24.2400,0.1633
24.2440,0.1643
24.2480,0.1248
24.2520,0.1400
24.2560,0.1456
24.2600,0.1173
24.2640,0.1106
24.2680,0.1022
24.2720,0.0853
24.2760,0.1047
24.2800,0.1241
24.2840,0.1347
24.2880,0.0910
24.2920,0.1047
24.2960,0.0852
24.3000,0.0757
24.3040,0.1115
24.3080,0.1194
24.3120,0.0934
24.3160,0.0736
24.3200,0.1055
24.3240,0.0861
24.3280,0.0186
24.3320,0.0219
24.3360,-0.0336
24.3400,-0.0086
24.3440,0.0460
24.3480,0.0932
24.3520,0.1785
24.3560,0.2926
24.3600,0.4993
24.3640,0.7400
24.3680,0.9253
24.3720,1.0573
24.3760,1.0492
24.3800,0.8755
24.3840,0.6833
24.3880,0.3871
24.3920,0.1784
24.3960,0.0071
24.4000,-0.0536
24.4040,-0.1149
24.4080,-0.1051
24.4120,-0.0603
24.4160,0.0086
24.4200,0.0595
24.4240,0.0747
24.4280,0.0954
24.4320,0.0748
24.4360,0.0993
24.4400,0.0985
24.4440,0.0863
24.4480,0.0795
24.4520,0.0858
24.4560,0.0597
24.4600,0.0495
24.4640,0.1098
24.4680,0.0904
24.4720,0.0837
24.4760,0.0611
24.4800,0.0664
24.4840,0.0922
24.4880,0.1001
24.4920,0.0690
24.4960,0.1066
24.5000,0.0798
24.5040,0.1004
24.5080,0.0857
24.5120,0.0716
24.5160,0.0903
24.5200,0.1224
24.5240,0.1015
24.5280,0.1029
24.5320,0.0830
24.5360,0.0946
24.5400,0.1247
24.5440,0.1292
24.5480,0.1807
24.5520,0.1466
24.5560,0.1393
24.5600,0.1760
24.5640,0.1843
24.5680,0.2038
24.5720,0.2125
24.5760,0.2019
24.5800,0.2449
24.5840,0.2588
24.5880,0.2746
24.5920,0.3067
24.5960,0.2772
24.6000,0.3314
24.6040,0.3559
24.6080,0.3640
24.6120,0.3567
24.6160,0.3619
24.6200,0.3868
24.6240,0.3735
24.6280,0.3771
24.6320,0.3561
24.6360,0.3292
24.6400,0.3250
24.6440,0.3516
24.6480,0.3265
24.6520,0.2906
24.6560,0.2695
24.6600,0.2779
24.6640,0.2292
24.6680,0.2315
24.6720,0.1950
24.6760,0.2049
24.6800,0.2233
24.6840,0.1552
24.6880,0.1718
24.6920,0.1133
24.6960,0.1159
24.7000,0.1164
24.7040,0.1052
24.7080,0.0958
24.7120,0.0805
24.7160,0.0759
24.7200,0.0890
24.7240,0.0578
24.7280,0.0630
24.7320,0.0557
24.7360,0.0323
24.7400,0.0546
24.7440,0.0757
24.7480,0.0661
24.7520,0.0324
24.7560,0.0569
24.7600,0.0412
24.7640,0.0629
24.7680,0.0633
24.7720,0.0673
24.7760,0.0639
24.7800,0.0436
24.7840,0.0566
24.7880,0.0505
24.7920,0.0464
24.7960,0.0490
24.8000,0.0485
24.8040,0.0581
24.8080,0.0417
24.8120,0.0383
24.8160,0.0390
24.8200,0.0641
24.8240,0.0425
24.8280,0.0615
24.8320,0.0424
24.8360,0.0572
24.8400,0.0432
24.8440,0.0680
24.8480,0.0318
24.8520,0.0571
24.8560,0.0327
24.8600,0.0593
24.8640,0.0418
24.8680,0.0647
24.8720,0.0413
24.8760,0.0234
24.8800,0.0388
24.8840,0.0409
24.8880,0.0409
24.8920,0.0539
24.8960,0.0243
24.9000,0.0442
24.9040,0.0529
24.9080,0.0574
24.9120,0.0386
24.9160,0.0359
24.9200,0.0525
24.9240,0.0406
24.9280,0.0476
24.9320,0.0541
24.9360,0.0301
24.9400,0.0658
24.9440,0.0636
24.9480,0.0528
24.9520,0.0243
24.9560,0.0308
24.9600,0.0024
24.9640,0.0132
24.9680,0.0522
24.9720,0.0296
24.9760,0.0243
24.9800,0.0473
24.9840,0.0438
24.9880,0.0202
24.9920,0.0456
24.9960,0.0099
25.0000,0.0530
25.0040,0.0546
25.0080,0.0186
25.0120,0.0150
25.0160,0.0566
25.0200,0.0252
25.0240,0.0660
25.0280,0.0881
25.0320,0.0719
25.0360,0.1039
25.0400,0.1058
25.0440,0.1441
25.0480,0.1530
25.0520,0.1441
25.0560,0.0997
25.0600,0.1307
25.0640,0.1519
25.0680,0.1314
25.0720,0.1090
25.0760,0.1287
25.0800,0.0866
25.0840,0.0841
25.0880,0.0795
25.0920,0.0876
25.0960,0.0458
25.1000,0.0534
25.1040,0.0448
25.1080,0.0202
25.1120,0.0450
25.1160,0.0271
25.1200,0.0269
25.1240,0.0305
25.1280,0.0303
25.1320,0.0204
25.1360,-0.0100
25.1400,0.0271
25.1440,0.0302
25.1480,0.0243
25.1520,0.0044
25.1560,-0.0233
25.1600,-0.0013
25.1640,-0.0027
25.1680,-0.0005
25.1720,-0.0400
25.1760,-0.0627
25.1800,-0.0668
25.1840,-0.0663
25.1880,-0.0218
25.1920,0.0160
25.1960,0.0908
25.2000,0.2238
25.2040,0.4569
25.2080,0.6949
25.2120,0.8806
25.2160,0.9678
25.2200,0.9602
25.2240,0.8079
25.2280,0.5562
25.2320,0.2732
25.2360,0.0619
25.2400,-0.0876
25.2440,-0.1715
25.2480,-0.2203
25.2520,-0.1897
25.2560,-0.1557
25.2600,-0.0834
25.2640,-0.0124
25.2680,0.0151
25.2720,0.0137
25.2760,-0.0176
25.2800,0.0069
25.2840,0.0291
25.2880,0.0076
25.2920,-0.0207
25.2960,-0.0233
25.3000,-0.0096
25.3040,0.0311
25.3080,0.0144
25.3120,-0.0013
25.3160,0.0149
25.3200,-0.0010
25.3240,0.0064
25.3280,0.0348
25.3320,0.0028
25.3360,-0.0186
25.3400,0.0170
25.3440,0.0156
25.3480,0.0143
25.3520,-0.0377
25.3560,-0.0075
25.3600,0.0151
25.3640,0.0228
25.3680,0.0365
25.3720,0.0378
25.3760,0.0248
25.3800,0.0550
25.3840,0.0616
25.3880,0.0507
25.3920,0.0421
25.3960,0.0442
25.4000,0.0654
25.4040,0.0900
25.4080,0.1079
25.4120,0.1516
25.4160,0.1216
25.4200,0.1442
25.4240,0.1848
25.4280,0.1882
25.4320,0.1768
25.4360,0.2214
25.4400,0.2323
25.4440,0.2650
25.4480,0.3022
25.4520,0.2817
25.4560,0.3137
25.4600,0.2905
25.4640,0.3103
25.4680,0.3063
25.4720,0.2561
25.4760,0.2845
25.4800,0.2819
25.4840,0.2811
25.4880,0.2712
25.4920,0.2161
25.4960,0.1944
25.5000,0.2115
25.5040,0.1992
25.5080,0.1889
25.5120,0.1386
25.5160,0.1094
25.5200,0.1001
25.5240,0.0961
25.5280,0.1083
25.5320,0.0670
25.5360,0.0536
25.5400,0.0304
25.5440,0.0473
25.5480,0.0369
25.5520,0.0173
25.5560,0.0020
25.5600,0.0311
25.5640,-0.0068
25.5680,0.0244
25.5720,-0.0210
25.5760,-0.0200
25.5800,-0.0408
25.5840,-0.0188
25.5880,-0.0309
25.5920,-0.0235
25.5960,-0.0309
25.6000,-0.0254
25.6040,-0.0110
25.6080,-0.0028
25.6120,-0.0236
25.6160,-0.0451
25.6200,-0.0153
25.6240,-0.0162
25.6280,-0.0149
25.6320,-0.0270
25.6360,-0.0078
25.6400,-0.0166
25.6440,0.0152
25.6480,-0.0181
25.6520,-0.0342
25.6560,-0.0369
25.6600,-0.0264
25.6640,-0.0269
25.6680,-0.0410
25.6720,-0.0297
25.6760,-0.0472
25.6800,-0.0377
25.6840,-0.0024
25.6880,-0.0465
25.6920,-0.0169
25.6960,-0.0459
25.7000,-0.0209
25.7040,-0.0156
25.7080,-0.0007
25.7120,-0.0173
25.7160,-0.0373
25.7200,-0.0216
25.7240,-0.0233
25.7280,-0.0200
25.7320,-0.0194
25.7360,-0.0188
25.7400,-0.0352
25.7440,-0.0312
25.7480,-0.0245
25.7520,-0.0444
25.7560,-0.0703
25.7600,-0.0441
25.7640,-0.0212
25.7680,-0.0103
25.7720,-0.0361
25.7760,-0.0255
25.7800,-0.0291
25.7840,-0.0120
25.7880,-0.0174
25.7920,-0.0571
25.7960,-0.0208
25.8000,-0.0424
25.8040,-0.0388
25.8080,-0.0435
25.8120,-0.0525
25.8160,-0.0297
25.8200,-0.0399
25.8240,-0.0251
25.8280,-0.0422
25.8320,-0.0176
25.8360,-0.0439
25.8400,-0.0255
25.8440,-0.0335
25.8480,-0.0212
25.8520,-0.0181
25.8560,-0.0529
25.8600,-0.0426
25.8640,0.0046
25.8680,0.0094
25.8720,-0.0039
25.8760,-0.0234
25.8800,-0.0078
25.8840,0.0410
25.8880,0.0294
25.8920,0.0217
25.8960,0.0414
25.9000,0.0369
25.9040,0.0961
25.9080,0.0694
25.9120,0.0617
25.9160,0.0825
25.9200,0.0527
25.9240,0.0674
25.9280,0.0739
25.9320,0.0354
25.9360,0.0097
25.9400,0.0191
25.9440,0.0143
25.9480,0.0053
25.9520,-0.0114
25.9560,-0.0597
25.9600,-0.0593
25.9640,-0.0126
25.9680,-0.0054
25.9720,-0.0273
25.9760,-0.0372
25.9800,-0.0559
25.9840,-0.0511
25.9880,-0.0411
25.9920,-0.0483
25.9960,-0.0482
26.0000,-0.0545
26.0040,-0.0275
26.0080,-0.0359
26.0120,-0.0314
26.0160,-0.0453
26.0200,-0.0555
26.0240,-0.0710
26.0280,-0.0957
26.0320,-0.1296
26.0360,-0.1454
26.0400,-0.1231
26.0440,-0.0961
26.0480,-0.0637
26.0520,0.0560
26.0560,0.1617
26.0600,0.3748
26.0640,0.6232
26.0680,0.8690
26.0720,0.9396
26.0760,0.8679
26.0800,0.7357
26.0840,0.4674
26.0880,0.2351
26.0920,-0.0030
26.0960,-0.1676
26.1000,-0.2125
26.1040,-0.2723
26.1080,-0.2000
26.1120,-0.1680
26.1160,-0.1228
26.1200,-0.0867
26.1240,-0.0428
26.1280,-0.0280
26.1320,-0.0607
26.1360,-0.0710
26.1400,-0.0439
26.1440,-0.0502
26.1480,-0.0445
26.1520,-0.0576
26.1560,-0.0867
26.1600,-0.0630
26.1640,-0.0495
26.1680,-0.0421
26.1720,-0.0649
26.1760,-0.0726
26.1800,-0.0597
26.1840,-0.0396
26.1880,-0.0684
26.1920,-0.0696
26.1960,-0.0331
26.2000,-0.0511
26.2040,-0.0611
26.2080,-0.0075
26.2120,-0.0597
26.2160,-0.0520
26.2200,-0.0584
26.2240,-0.0130
26.2280,-0.0152
26.2320,-0.0483
26.2360,-0.0257
26.2400,-0.0183
26.2440,0.0124
26.2480,-0.0197
26.2520,-0.0024
26.2560,0.0478
26.2600,0.0393
26.2640,0.0474
26.2680,0.0797
26.2720,0.0674
26.2760,0.0799
26.2800,0.0973
26.2840,0.1546
26.2880,0.1404
26.2920,0.1425
26.2960,0.1965
26.3000,0.1840
26.3040,0.2414
26.3080,0.2263
26.3120,0.2007
26.3160,0.2385
26.3200,0.2466
26.3240,0.2467
26.3280,0.2591
26.3320,0.2079
26.3360,0.2149
26.3400,0.2462
26.3440,0.2228
26.3480,0.2028
26.3520,0.1883
26.3560,0.1744
26.3600,0.1710
26.3640,0.1239
26.3680,0.1323
26.3720,0.1042
26.3760,0.0914
26.3800,0.0590
26.3840,0.0732
26.3880,0.0613
26.3920,0.0137
26.3960,0.0211
26.4000,0.0049
26.4040,0.0125
26.4080,0.0114
26.4120,-0.0084
26.4160,-0.0192
26.4200,-0.0476
26.4240,-0.0403
26.4280,-0.0238
26.4320,-0.0599
26.4360,-0.0561
26.4400,-0.0305
26.4440,-0.0489
26.4480,-0.0742
26.4520,-0.0644
26.4560,-0.0455
26.4600,-0.0533
26.4640,-0.0541
26.4680,-0.0194
26.4720,-0.0733
26.4760,-0.0611
26.4800,-0.0697
26.4840,-0.0521
26.4880,-0.0567
26.4920,-0.0705
26.4960,-0.0637
26.5000,-0.0488
26.5040,-0.0540
26.5080,-0.0718
26.5120,-0.0470
26.5160,-0.0579
26.5200,-0.0304
26.5240,-0.0427
26.5280,-0.0516
26.5320,-0.0612
26.5360,-0.0663
26.5400,-0.0508
26.5440,-0.0477
26.5480,-0.0447
26.5520,-0.0536
26.5560,-0.0365
26.5600,-0.0762
26.5640,-0.0346
26.5680,-0.0421
26.5720,-0.0176
26.5760,-0.0842
26.5800,-0.0763
26.5840,-0.0257
26.5880,-0.0399
26.5920,-0.0634
26.5960,-0.0424
26.6000,-0.0362
26.6040,-0.0507
26.6080,-0.0485
26.6120,-0.0471
26.6160,-0.0890
26.6200,-0.0573
26.6240,-0.0466
26.6280,-0.0634
26.6320,-0.0844
26.6360,-0.0618
26.6400,-0.0346
26.6440,-0.0439
26.6480,-0.0704
26.6520,-0.0661
26.6560,-0.0515
26.6600,-0.0512
26.6640,-0.0575
26.6680,-0.0287
26.6720,-0.0772
26.6760,-0.0751
26.6800,-0.0562
26.6840,-0.0454
26.6880,-0.0279
26.6920,-0.0862
26.6960,-0.0831
26.7000,-0.0545
26.7040,-0.0339
26.7080,-0.0496
26.7120,-0.0614
26.7160,-0.0898
26.7200,-0.0689
26.7240,-0.0444
26.7280,-0.0415
26.7320,-0.0839
26.7360,-0.0555
26.7400,-0.0693
26.7440,-0.0447
26.7480,-0.0145
26.7520,0.0050
26.7560,-0.0423
26.7600,-0.0396
26.7640,-0.0097
26.7680,0.0137
26.7720,0.0131
26.7760,0.0371
26.7800,0.0215
26.7840,0.0497
26.7880,0.0799
26.7920,0.0912
26.7960,0.0557
26.8000,0.0593
26.8040,0.0514
26.8080,0.0322
26.8120,0.0223
26.8160,0.0313
26.8200,-0.0008
26.8240,0.0029
26.8280,-0.0204
26.8320,-0.0328
26.8360,-0.0520
26.8400,-0.0620
26.8440,-0.0457
26.8480,-0.0446
26.8520,-0.0576
26.8560,-0.0694
26.8600,-0.0554
26.8640,-0.0101
26.8680,-0.0207
26.8720,-0.0606
26.8760,-0.0688
26.8800,-0.0549
26.8840,-0.0445
26.8880,-0.0243
26.8920,-0.0528
26.8960,-0.0167
26.9000,-0.0642
26.9040,-0.0577
26.9080,-0.0408
26.9120,-0.0841
26.9160,-0.1194
26.9200,-0.1621
26.9240,-0.1481
26.9280,-0.1242
26.9320,-0.1062
26.9360,-0.0303
26.9400,0.0875
26.9440,0.2862
26.9480,0.4802
26.9520,0.6888
26.9560,0.8965
26.9600,0.9330
26.9640,0.8223
26.9680,0.6062
26.9720,0.3154
26.9760,0.0749
26.9800,-0.0734
26.9840,-0.1744
26.9880,-0.2433
26.9920,-0.2733
26.9960,-0.2222
27.0000,-0.1673
27.0040,-0.1089
27.0080,-0.0863
27.0120,-0.0840
27.0160,-0.0760
27.0200,-0.0506
27.0240,-0.0371
27.0280,-0.0459
27.0320,-0.0500
27.0360,-0.0552
27.0400,-0.0703
27.0440,-0.0273
27.0480,-0.0324
27.0520,-0.0687
27.0560,-0.0545
27.0600,-0.0497
27.0640,-0.0199
27.0680,-0.0463
27.0720,-0.0622
27.0760,-0.0810
27.0800,-0.0635
27.0840,-0.0460
27.0880,-0.0600
27.0920,-0.0736
27.0960,-0.1079
27.1000,-0.0405
27.1040,-0.0273
27.1080,-0.0435
27.1120,-0.0551
27.1160,-0.0307
27.1200,-0.0255
27.1240,0.0032
27.1280,-0.0176
27.1320,-0.0049
27.1360,-0.0184
27.1400,-0.0070
27.1440,-0.0029
27.1480,0.0068
27.1520,0.0204
27.1560,-0.0113
27.1600,0.0703
27.1640,0.0779
27.1680,0.0685
27.1720,0.1173
27.1760,0.1153
27.1800,0.1475
27.1840,0.1388
27.1880,0.1570
27.1920,0.1685
27.1960,0.1728
27.2000,0.2260
27.2040,0.2296
27.2080,0.2715
27.2120,0.2383
27.2160,0.2231
27.2200,0.2582
27.2240,0.2510
27.2280,0.2553
27.2320,0.2281
27.2360,0.2455
27.2400,0.2221
27.2440,0.2488
27.2480,0.2099
27.2520,0.1954
27.2560,0.1598
27.2600,0.1680
27.2640,0.1560
27.2680,0.1298
27.2720,0.0935
27.2760,0.0803
27.2800,0.0466
27.2840,0.0486
27.2880,0.0374
27.2920,0.0358
27.2960,0.0210
27.3000,0.0165
27.3040,0.0041
27.3080,0.0117
27.3120,0.0064
27.3160,-0.0544
27.3200,-0.0019
27.3240,-0.0366
27.3280,-0.0135
27.3320,-0.0442
27.3360,-0.0352
27.3400,-0.0343
27.3440,-0.0338
27.3480,-0.0370
27.3520,-0.0603
27.3560,-0.0804
27.3600,-0.0679
27.3640,-0.0347
27.3680,-0.0404
27.3720,-0.0594
27.3760,-0.0735
27.3800,-0.0536
27.3840,-0.0283
27.3880,-0.0400
27.3920,-0.0404
27.3960,-0.0624
27.4000,-0.0485
27.4040,-0.0255
27.4080,-0.0431
27.4120,-0.0575
27.4160,-0.0492
27.4200,-0.0580
27.4240,-0.0212
27.4280,-0.0541
27.4320,-0.0691
27.4360,-0.0777
27.4400,-0.0250
27.4440,-0.0487
27.4480,-0.0512
27.4520,-0.0722
27.4560,-0.0348
27.4600,-0.0359
27.4640,-0.0433
27.4680,-0.0352
27.4720,-0.0584
27.4760,-0.0460
27.4800,-0.0536
27.4840,-0.0335
27.4880,-0.0514
27.4920,-0.0795
27.4960,-0.0555
27.5000,-0.0415
27.5040,-0.0301
27.5080,-0.0369
27.5120,-0.0347
27.5160,-0.0668
27.5200,-0.0344
27.5240,-0.0366
27.5280,-0.0542
27.5320,-0.0609
27.5360,-0.0511
27.5400,-0.0796
27.5440,-0.0266
27.5480,-0.0322
27.5520,-0.0549
27.5560,-0.0441
27.5600,-0.0586
27.5640,-0.0358
27.5680,-0.0230
27.5720,-0.0924
27.5760,-0.0633
27.5800,-0.0560
27.5840,-0.0303
27.5880,-0.0368
27.5920,-0.0497
27.5960,-0.0637
27.6000,-0.0398
27.6040,-0.0112
27.6080,-0.0322
27.6120,-0.0798
27.6160,-0.0562
27.6200,-0.0632
27.6240,-0.0265
27.6280,-0.0369
27.6320,-0.0842
27.6360,-0.0559
27.6400,-0.0480
27.6440,-0.0168
27.6480,-0.0436
27.6520,-0.0825
27.6560,-0.0582
27.6600,-0.0324
27.6640,-0.0300
27.6680,-0.0297
27.6720,-0.0600
27.6760,-0.0643
27.6800,-0.0531
27.6840,-0.0007
27.6880,-0.0251
27.6920,-0.0586
27.6960,-0.0593
27.7000,-0.0384
27.7040,-0.0418
27.7080,-0.0064
27.7120,-0.0385
27.7160,-0.0086
27.7200,-0.0268
27.7240,0.0319
27.7280,0.0161
27.7320,0.0232
27.7360,0.0455
27.7400,0.0646
27.7440,0.0673
27.7480,0.0932
27.7520,0.0752
27.7560,0.0656
27.7600,0.0679
27.7640,0.0666
27.7680,0.0500
27.7720,0.0182
27.7760,0.0143
27.7800,0.0064
27.7840,0.0216
27.7880,0.0046
27.7920,-0.0246
27.7960,-0.0441
27.8000,-0.0378
27.8040,-0.0384
27.8080,-0.0472
27.8120,-0.0502
27.8160,-0.0375
27.8200,-0.0441
27.8240,-0.0266
27.8280,-0.0276
27.8320,-0.0308
27.8360,-0.0638
27.8400,-0.0429
27.8440,-0.0125
27.8480,-0.0112
27.8520,-0.0435
27.8560,-0.0360
27.8600,-0.0832
27.8640,-0.0529
27.8680,-0.1202
27.8720,-0.1043
27.8760,-0.1715
27.8800,-0.1134
27.8840,-0.0867
27.8880,-0.0083
27.8920,0.0745
27.8960,0.2145
27.9000,0.4368
27.9040,0.6655
27.9080,0.8638
27.9120,0.9406
27.9160,0.8941
27.9200,0.6873
27.9240,0.4599
27.9280,0.1955
27.9320,-0.0297
27.9360,-0.1624
27.9400,-0.2174
27.9440,-0.2304
27.9480,-0.2072
27.9520,-0.1736
27.9560,-0.1208
27.9600,-0.0646
27.9640,-0.0482
27.9680,-0.0382
27.9720,-0.0600
27.9760,-0.0512
27.9800,-0.0578
27.9840,-0.0140
27.9880,-0.0485
27.9920,-0.0628
27.9960,-0.0554
28.0000,-0.0270
28.0040,-0.0180
28.0080,-0.0001
28.0120,-0.0334
28.0160,-0.0481
28.0200,-0.0309
28.0240,-0.0455
28.0280,-0.0187
28.0320,-0.0270
28.0360,-0.0594
28.0400,-0.0317
28.0440,-0.0258
28.0480,-0.0224
28.0520,-0.0277
28.0560,-0.0564
28.0600,-0.0658
28.0640,0.0070
28.0680,0.0067
28.0720,0.0059
28.0760,-0.0473
28.0800,-0.0161
28.0840,0.0249
28.0880,0.0101
28.0920,-0.0054
28.0960,0.0380
28.1000,0.0588
28.1040,0.0630
28.1080,0.0718
28.1120,0.0633
28.1160,0.0798
28.1200,0.1409
28.1240,0.1329
28.1280,0.1618
28.1320,0.1687
28.1360,0.1613
28.1400,0.2012
28.1440,0.2254
28.1480,0.2585
28.1520,0.2312
28.1560,0.2323
28.1600,0.2322
28.1640,0.2594
28.1680,0.2570
28.1720,0.2658
28.1760,0.2367
28.1800,0.2543
28.1840,0.2564
28.1880,0.2434
28.1920,0.1901
28.1960,0.2106
28.2000,0.2158
28.2040,0.1580
28.2080,0.1698
28.2120,0.1455
28.2160,0.1240
28.2200,0.1265
28.2240,0.0901
28.2280,0.0872
28.2320,0.0349
28.2360,0.0526
28.2400,0.0307
28.2440,0.0251
28.2480,-0.0281
28.2520,-0.0062
28.2560,-0.0115
28.2600,0.0027
28.2640,0.0010
28.2680,-0.0211
28.2720,-0.0332
28.2760,-0.0361
28.2800,-0.0269
28.2840,-0.0494
28.2880,-0.0201
28.2920,-0.0337
28.2960,-0.0581
28.3000,-0.0207
28.3040,-0.0291
28.3080,-0.0233
28.3120,-0.0383
28.3160,-0.0364
28.3200,-0.0480
28.3240,-0.0275
28.3280,-0.0199
28.3320,-0.0227
28.3360,-0.0116
28.3400,-0.0239
28.3440,-0.0146
28.3480,0.0118
28.3520,-0.0215
28.3560,-0.0247
28.3600,-0.0407
28.3640,-0.0235
28.3680,-0.0365
28.3720,-0.0353
28.3760,-0.0586
28.3800,-0.0185
28.3840,-0.0341
28.3880,-0.0316
28.3920,-0.0362
28.3960,-0.0538
28.4000,-0.0373
28.4040,-0.0191
28.4080,-0.0254
28.4120,-0.0555
28.4160,-0.0526
28.4200,-0.0393
28.4240,-0.0231
28.4280,-0.0155
28.4320,-0.0321
28.4360,-0.0523
28.4400,-0.0303
28.4440,-0.0212
28.4480,-0.0319
28.4520,-0.0402
28.4560,-0.0487
28.4600,-0.0228
28.4640,-0.0346
28.4680,-0.0075
28.4720,-0.0160
28.4760,-0.0211
28.4800,-0.0419
28.4840,-0.0189
28.4880,-0.0261
28.4920,-0.0249
28.4960,-0.0588
28.5000,-0.0438
28.5040,-0.0248
28.5080,-0.0300
28.5120,-0.0212
28.5160,-0.0420
28.5200,-0.0278
28.5240,-0.0337
28.5280,0.0170
28.5320,-0.0066
28.5360,-0.0238
28.5400,-0.0046
28.5440,-0.0344
28.5480,-0.0154
28.5520,-0.0238
28.5560,-0.0502
28.5600,-0.0281
28.5640,-0.0249
28.5680,-0.0249
28.5720,-0.0263
28.5760,-0.0344
28.5800,-0.0288
28.5840,-0.0296
28.5880,-0.0316
28.5920,-0.0120
28.5960,-0.0631
28.6000,0.0101
28.6040,0.0039
28.6080,0.0067
28.6120,0.0274
28.6160,-0.0054
28.6200,0.0329
28.6240,0.0650
28.6280,0.0262
28.6320,0.0421
28.6360,0.0734
28.6400,0.1061
28.6440,0.0933
28.6480,0.0868
28.6520,0.1037
28.6560,0.0661
28.6600,0.0768
28.6640,0.0901
28.6680,0.0701
28.6720,0.0577
28.6760,0.0283
28.6800,0.0131
28.6840,0.0385
28.6880,0.0164
28.6920,-0.0227
28.6960,-0.0312
28.7000,-0.0166
28.7040,-0.0313
28.7080,-0.0157
28.7120,-0.0309
28.7160,-0.0234
28.7200,-0.0036
28.7240,-0.0039
28.7280,-0.0331
28.7320,-0.0408
28.7360,-0.0404
28.7400,-0.0187
28.7440,-0.0057
28.7480,0.0040
28.7520,-0.0516
28.7560,-0.0019
28.7600,-0.0495
28.7640,-0.0603
28.7680,-0.0733
28.7720,-0.1290
28.7760,-0.1399
28.7800,-0.0755
28.7840,-0.0293
28.7880,0.0622
28.7920,0.1714
28.7960,0.3292
28.8000,0.5585
28.8040,0.8340
28.8080,0.9491
28.8120,0.9756
28.8160,0.8192
28.8200,0.5497
28.8240,0.3433
28.8280,0.0905
28.8320,-0.0618
28.8360,-0.1966
28.8400,-0.2301
28.8440,-0.2209
28.8480,-0.1476
28.8520,-0.1226
28.8560,-0.0866
28.8600,-0.0364
28.8640,0.0026
28.8680,0.0043
28.8720,-0.0283
28.8760,-0.0381
28.8800,-0.0040
28.8840,0.0222
28.8880,0.0185
28.8920,0.0015
28.8960,0.0005
28.9000,-0.0319
28.9040,-0.0141
28.9080,-0.0047
28.9120,-0.0241
28.9160,-0.0221
28.9200,-0.0137
28.9240,-0.0021
28.9280,0.0070
28.9320,-0.0103
28.9360,-0.0594
28.9400,-0.0146
28.9440,0.0186
28.9480,0.0373
28.9520,0.0054
28.9560,-0.0067
28.9600,0.0080
28.9640,0.0183
28.9680,0.0404
28.9720,0.0351
28.9760,0.0361
28.9800,0.0293
28.9840,0.0443
28.9880,0.0423
28.9920,0.0483
28.9960,0.0747
29.0000,0.0646
29.0040,0.1288
29.0080,0.1013
29.0120,0.1444
29.0160,0.1484
29.0200,0.1883
29.0240,0.1919
29.0280,0.2281
29.0320,0.2139
29.0360,0.2281
29.0400,0.2344
29.0440,0.2404
29.0480,0.3029
29.0520,0.2897
29.0560,0.3077
29.0600,0.2854
29.0640,0.3204
29.0680,0.3062
29.0720,0.2666
29.0760,0.2794
29.0800,0.2686
29.0840,0.2853
29.0880,0.2692
29.0920,0.2312
29.0960,0.2066
29.1000,0.2127
29.1040,0.1880
29.1080,0.1668
29.1120,0.1274
29.1160,0.1520
29.1200,0.1498
29.1240,0.1140
29.1280,0.1080
29.1320,0.0883
29.1360,0.0543
29.1400,0.0460
29.1440,0.0786
29.1480,0.0398
29.1520,0.0327
29.1560,0.0043
29.1600,0.0371
29.1640,0.0148
29.1680,0.0153
29.1720,0.0036
29.1760,0.0090
29.1800,-0.0039
29.1840,0.0232
29.1880,0.0082
29.1920,-0.0090
29.1960,-0.0298
29.2000,-0.0134
29.2040,0.0068
29.2080,0.0191
29.2120,0.0280
29.2160,0.0076
29.2200,-0.0048
29.2240,0.0151
29.2280,0.0033
29.2320,0.0090
29.2360,0.0185
29.2400,0.0199
29.2440,0.0278
29.2480,-0.0134
29.2520,-0.0176
29.2560,-0.0159
29.2600,0.0141
29.2640,0.0433
29.2680,0.0217
29.2720,0.0155
29.2760,0.0015
29.2800,0.0271
29.2840,0.0076
29.2880,0.0005
29.2920,0.0166
29.2960,-0.0023
29.3000,-0.0114
29.3040,-0.0097
29.3080,0.0165
29.3120,0.0094
29.3160,-0.0024
29.3200,0.0033
29.3240,0.0241
29.3280,0.0222
29.3320,-0.0094
29.3360,0.0301
29.3400,-0.0112
29.3440,0.0271
29.3480,0.0187
29.3520,0.0012
29.3560,0.0123
29.3600,-0.0119
29.3640,0.0043
29.3680,0.0450
29.3720,0.0108
29.3760,-0.0198
29.3800,0.0120
29.3840,-0.0040
29.3880,-0.0064
29.3920,0.0295
29.3960,0.0157
29.4000,0.0298
29.4040,0.0287
29.4080,0.0095
29.4120,0.0121
29.4160,0.0022
29.4200,0.0222
29.4240,0.0233
29.4280,-0.0048
29.4320,0.0074
29.4360,0.0261
29.4400,0.0214
29.4440,0.0039
29.4480,0.0096
29.4520,-0.0076
29.4560,0.0283
29.4600,-0.0109
29.4640,0.0366
29.4680,0.0282
29.4720,-0.0318
29.4760,0.0040
29.4800,0.0336
29.4840,0.0241
29.4880,0.0518
29.4920,-0.0024
29.4960,0.0335
29.5000,0.0499
29.5040,0.0863
29.5080,0.0562
29.5120,0.0895
29.5160,0.0677
29.5200,0.1159
29.5240,0.1552
29.5280,0.1339
29.5320,0.1014
29.5360,0.1304
29.5400,0.1357
29.5440,0.1275
29.5480,0.1184
29.5520,0.0923
29.5560,0.0725
29.5600,0.0916
29.5640,0.0827
29.5680,0.0694
29.5720,0.0269
29.5760,0.0355
29.5800,0.0361
29.5840,0.0706
29.5880,0.0346
29.5920,0.0219
29.5960,0.0305
29.6000,0.0020
29.6040,0.0532
29.6080,0.0365
29.6120,0.0321
29.6160,0.0252
29.6200,0.0426
29.6240,0.0379
29.6280,0.0409
29.6320,0.0006
29.6360,-0.0112
29.6400,-0.0018
29.6440,-0.0029
29.6480,-0.0618
29.6520,-0.0771
29.6560,-0.0585
29.6600,0.0003
29.6640,0.0205
29.6680,0.1040
29.6720,0.2364
29.6760,0.4165
29.6800,0.6704
29.6840,0.9009
29.6880,1.0191
29.6920,0.9775
29.6960,0.8235
29.7000,0.5910
29.7040,0.3609
29.7080,0.1136
29.7120,-0.0384
29.7160,-0.1415
29.7200,-0.1609
29.7240,-0.1417
29.7280,-0.0976
29.7320,-0.0341
29.7360,-0.0151
29.7400,0.0180
29.7440,0.0290
29.7480,0.0142
29.7520,0.0251
29.7560,0.0332
29.7600,0.0493
29.7640,0.0550
29.7680,0.0438
29.7720,0.0225
29.7760,-0.0016
29.7800,0.0275
29.7840,0.0404
29.7880,0.0329
29.7920,0.0439
29.7960,0.0470
29.8000,0.0570
29.8040,0.0624
29.8080,0.0136
29.8120,0.0284
29.8160,0.0418
29.8200,0.0338
29.8240,0.0794
29.8280,0.0462
29.8320,0.0240
29.8360,0.0519
29.8400,0.0585
29.8440,0.0883
29.8480,0.0641
29.8520,0.0719
29.8560,0.0919
29.8600,0.0852
29.8640,0.1227
29.8680,0.1075
29.8720,0.1151
29.8760,0.1359
29.8800,0.1273
29.8840,0.1762
29.8880,0.2156
29.8920,0.1691
29.8960,0.2137
29.9000,0.2414
29.9040,0.2718
29.9080,0.2971
29.9120,0.2924
29.9160,0.2794
29.9200,0.3265
29.9240,0.3380
29.9280,0.3400
29.9320,0.3595
29.9360,0.3714
29.9400,0.3434
29.9440,0.3636
29.9480,0.3209
29.9520,0.3503
29.9560,0.3517
29.9600,0.3172
29.9640,0.3465
29.9680,0.2837
29.9720,0.2720
29.9760,0.2662
29.9800,0.2367
29.9840,0.2475
29.9880,0.1776
29.9920,0.1980
29.9960,0.1482
30.0000,0.1890
30.0040,0.1439
30.0080,0.1374
30.0120,0.1295
30.0160,0.0968
30.0200,0.0800
30.0240,0.0958
30.0280,0.1022
30.0320,0.0874
30.0360,0.0592
30.0400,0.0827
30.0440,0.1004
30.0480,0.0883
30.0520,0.0625
30.0560,0.0556
30.0600,0.0963
30.0640,0.0497
30.0680,0.0853
30.0720,0.0542
30.0760,0.0520
30.0800,0.0494
30.0840,0.0645
30.0880,0.0639
30.0920,0.0475
30.0960,0.0733
30.1000,0.0635
30.1040,0.0904
30.1080,0.1040
30.1120,0.0732
30.1160,0.0329
30.1200,0.0880
30.1240,0.0679
30.1280,0.0866
30.1320,0.0798
30.1360,0.0425
30.1400,0.0629
30.1440,0.0918
30.1480,0.0773
30.1520,0.0668
30.1560,0.0834
30.1600,0.0395
30.1640,0.0918
30.1680,0.0640
30.1720,0.0831
30.1760,0.0548
30.1800,0.0675
30.1840,0.0734
30.1880,0.0832
30.1920,0.0611
30.1960,0.0488
30.2000,0.0785
30.2040,0.0889
30.2080,0.0767
30.2120,0.0619
30.2160,0.0525
30.2200,0.0751
30.2240,0.0943
30.2280,0.0862
30.2320,0.0919
30.2360,0.0850
30.2400,0.0992
30.2440,0.0797
30.2480,0.1129
30.2520,0.0763
30.2560,0.0563
30.2600,0.0641
30.2640,0.0744
30.2680,0.0617
30.2720,0.0662
30.2760,0.0438
30.2800,0.0664
30.2840,0.0962
30.2880,0.0924
30.2920,0.0714
30.2960,0.0400
30.3000,0.0670
30.3040,0.0830
30.3080,0.0980
30.3120,0.0708
30.3160,0.0724
30.3200,0.1154
30.3240,0.1103
30.3280,0.1048
30.3320,0.0637
30.3360,0.0759
30.3400,0.1248
30.3440,0.1069
30.3480,0.1267
30.3520,0.1461
30.3560,0.1037
30.3600,0.1423
30.3640,0.1889
30.3680,0.1884
30.3720,0.1887
30.3760,0.1626
30.3800,0.2160
30.3840,0.2378
30.3880,0.2014
30.3920,0.1885
30.3960,0.1624
30.4000,0.1733
30.4040,0.1480
30.4080,0.1523
30.4120,0.1316
30.4160,0.0949
30.4200,0.0950
30.4240,0.1275
30.4280,0.0948
30.4320,0.0744
30.4360,0.1052
30.4400,0.0939
30.4440,0.0950
30.4480,0.0781
30.4520,0.1057
30.4560,0.1125
30.4600,0.0880
30.4640,0.1275
30.4680,0.0960
30.4720,0.0954
30.4760,0.0803
30.4800,0.0941
30.4840,0.0876
30.4880,0.1001
30.4920,0.0591
30.4960,0.0012
30.5000,0.0273
30.5040,0.0231
30.5080,0.0029
30.5120,0.0408
30.5160,0.0597
30.5200,0.1342
30.5240,0.2485
30.5280,0.3999
30.5320,0.5855
30.5360,0.8613
30.5400,1.0118
30.5440,1.1196
30.5480,0.9994
30.5520,0.7523
30.5560,0.5002
30.5600,0.2744
30.5640,0.0963
30.5680,-0.0644
30.5720,-0.1220
30.5760,-0.1023
30.5800,-0.0751
30.5840,0.0025
30.5880,0.0438
30.5920,0.0463
30.5960,0.0604
30.6000,0.0778
30.6040,0.1040
30.6080,0.0772
30.6120,0.0909
30.6160,0.0832
30.6200,0.0863
30.6240,0.0980
30.6280,0.0936
30.6320,0.0693
30.6360,0.0951
30.6400,0.0866
30.6440,0.0936
30.6480,0.1528
30.6520,0.1112
30.6560,0.0993
30.6600,0.1146
30.6640,0.0881
30.6680,0.0930
30.6720,0.1109
30.6760,0.0687
30.6800,0.0851
30.6840,0.1130
30.6880,0.1057
30.6920,0.1118
30.6960,0.1054
30.7000,0.1087
30.7040,0.1381
30.7080,0.1373
30.7120,0.1254
30.7160,0.1203
30.7200,0.1385
30.7240,0.1620
30.7280,0.1775
30.7320,0.1706
30.7360,0.1867
30.7400,0.2186
30.7440,0.2416
30.7480,0.2721
30.7520,0.2450
30.7560,0.2489
30.7600,0.2777
30.7640,0.2998
30.7680,0.3121
30.7720,0.3348
30.7760,0.3372
30.7800,0.3587
30.7840,0.3775
30.7880,0.3704
30.7920,0.3842
30.7960,0.3878
30.8000,0.4042
30.8040,0.4082
30.8080,0.4110
30.8120,0.3818
30.8160,0.3755
30.8200,0.3864
30.8240,0.3702
30.8280,0.3576
30.8320,0.3460
30.8360,0.3387
30.8400,0.3332
30.8440,0.3255
30.8480,0.3195
30.8520,0.2733
30.8560,0.2384
30.8600,0.2684
30.8640,0.2143
30.8680,0.2030
30.8720,0.1992
30.8760,0.1742
30.8800,0.1540
30.8840,0.1686
30.8880,0.1377
30.8920,0.1224
30.8960,0.1221
30.9000,0.1142
30.9040,0.1304
30.9080,0.1154
30.9120,0.1024
30.9160,0.1152
30.9200,0.1149
30.9240,0.1280
30.9280,0.1169
30.9320,0.0809
30.9360,0.0796
30.9400,0.1148
30.9440,0.1067
30.9480,0.1034
30.9520,0.0978
30.9560,0.1024
30.9600,0.1056
30.9640,0.1102
30.9680,0.0971
30.9720,0.0912
30.9760,0.1001
30.9800,0.1044
30.9840,0.1132
30.9880,0.0837
30.9920,0.1002
30.9960,0.0828
31.0000,0.0753
31.0040,0.1407
31.0080,0.1023
31.0120,0.0943
31.0160,0.0697
31.0200,0.0890
31.0240,0.1172
31.0280,0.1146
31.0320,0.0975
31.0360,0.1123
31.0400,0.1276
31.0440,0.0953
31.0480,0.0953
31.0520,0.0908
31.0560,0.0863
31.0600,0.0936
31.0640,0.0951
31.0680,0.1079
31.0720,0.0581
31.0760,0.0802
31.0800,0.1069
31.0840,0.1235
31.0880,0.0904
31.0920,0.1116
31.0960,0.0774
31.1000,0.0914
31.1040,0.1107
31.1080,0.0947
31.1120,0.0795
31.1160,0.1164
31.1200,0.0853
31.1240,0.1090
31.1280,0.0845
31.1320,0.0872
31.1360,0.0760
31.1400,0.1042
31.1440,0.0873
31.1480,0.0840
31.1520,0.0934
31.1560,0.0715
31.1600,0.0748
31.1640,0.1241
31.1680,0.0938
31.1720,0.0799
31.1760,0.0711
31.1800,0.0981
31.1840,0.1096
31.1880,0.0980
31.1920,0.0857
31.1960,0.0751
31.2000,0.0956
31.2040,0.0935
31.2080,0.0809
31.2120,0.0853
31.2160,0.0781
31.2200,0.0896
31.2240,0.1060
31.2280,0.1481
31.2320,0.1014
31.2360,0.0995
31.2400,0.0809
31.2440,0.0850
31.2480,0.1131
31.2520,0.0920
31.2560,0.0966
31.2600,0.0951
31.2640,0.0967
31.2680,0.1192
31.2720,0.0873
31.2760,0.0835
31.2800,0.1178
31.2840,0.1364
31.2880,0.1482
31.2920,0.1456
31.2960,0.1234
31.3000,0.1928
31.3040,0.1997
31.3080,0.1862
31.3120,0.1992
31.3160,0.2045
31.3200,0.1995
31.3240,0.1989
31.3280,0.1902
31.3320,0.1375
31.3360,0.1199
31.3400,0.1334
31.3440,0.1654
31.3480,0.1260
31.3520,0.0938
31.3560,0.0902
31.3600,0.1175
31.3640,0.0919
31.3680,0.1122
31.3720,0.0666
31.3760,0.0754
31.3800,0.0729
31.3840,0.0779
31.3880,0.0965
31.3920,0.0696
31.3960,0.0779
31.4000,0.0727
31.4040,0.0718
31.4080,0.1113
31.4120,0.1081
31.4160,0.0678
31.4200,0.0792
31.4240,0.0755
31.4280,0.0892
31.4320,0.0628
31.4360,0.0382
31.4400,0.0375
31.4440,-0.0455
31.4480,-0.0110
31.4520,0.0098
31.4560,0.0598
31.4600,0.1518
31.4640,0.2855
31.4680,0.4444
31.4720,0.6709
31.4760,0.8557
31.4800,1.0532
31.4840,1.0315
31.4880,0.8993
31.4920,0.6317
31.4960,0.3729
31.5000,0.1894
31.5040,0.0201
31.5080,-0.0815
31.5120,-0.1361
31.5160,-0.1446
31.5200,-0.0578
31.5240,0.0352
31.5280,0.0136
31.5320,0.0301
31.5360,0.0576
31.5400,0.0713
31.5440,0.0752
31.5480,0.0886
31.5520,0.0809
31.5560,0.0425
31.5600,0.0450
31.5640,0.1066
31.5680,0.0532
31.5720,0.0374
31.5760,0.0730
31.5800,0.0571
31.5840,0.0565
31.5880,0.0804
31.5920,0.0625
31.5960,0.0777
31.6000,0.0610
31.6040,0.0785
31.6080,0.0584
31.6120,0.0610
31.6160,0.0282
31.6200,0.0636
31.6240,0.1025
31.6280,0.0847
31.6320,0.0703
31.6360,0.0731
31.6400,0.0634
31.6440,0.0949
31.6480,0.0727
31.6520,0.0937
31.6560,0.0749
31.6600,0.1091
31.6640,0.1317
31.6680,0.1307
31.6720,0.1408
31.6760,0.1327
31.6800,0.1401
31.6840,0.1833
31.6880,0.2096
31.6920,0.1918
31.6960,0.2167
31.7000,0.2483
31.7040,0.2570
31.7080,0.2841
31.7120,0.2914
31.7160,0.2973
31.7200,0.3173
31.7240,0.3182
31.7280,0.3193
31.7320,0.3018
31.7360,0.3349
31.7400,0.3408
31.7440,0.3386
31.7480,0.3330
31.7520,0.3376
31.7560,0.3182
31.7600,0.3127
31.7640,0.3012
31.7680,0.2716
31.7720,0.2315
31.7760,0.2806
31.7800,0.2575
31.7840,0.2338
31.7880,0.2219
31.7920,0.1825
31.7960,0.1720
31.8000,0.1742
31.8040,0.1487
31.8080,0.1048
31.8120,0.1017
31.8160,0.1223
31.8200,0.0852
31.8240,0.0897
31.8280,0.0944
31.8320,0.0425
31.8360,0.0647
31.8400,0.0654
31.8440,0.0616
31.8480,0.0645
31.8520,0.0267
31.8560,0.0485
31.8600,0.0517
31.8640,0.0315
31.8680,0.0282
31.8720,-0.0039
31.8760,0.0197
31.8800,0.0262
31.8840,0.0204
31.8880,0.0350
31.8920,0.0077
31.8960,0.0480
31.9000,0.0180
31.9040,0.0654
31.9080,0.0481
31.9120,0.0002
31.9160,0.0027
31.9200,0.0184
31.9240,-0.0010
31.9280,0.0278
31.9320,0.0168
31.9360,-0.0099
31.9400,0.0089
31.9440,0.0011
31.9480,0.0192
31.9520,0.0231
31.9560,-0.0018
31.9600,0.0084
31.9640,0.0273
31.9680,0.0171
31.9720,0.0303
31.9760,0.0160
31.9800,0.0241
31.9840,0.0364
31.9880,0.0312
31.9920,0.0067
31.9960,0.0025
32.0000,0.0019
32.0040,0.0205
32.0080,0.0200
32.0120,0.0164
32.0160,-0.0262
32.0200,0.0103
32.0240,0.0022
32.0280,0.0360
32.0320,-0.0007
32.0360,-0.0009
32.0400,-0.0011
32.0440,0.0192
32.0480,0.0068
32.0520,-0.0148
32.0560,0.0081
32.0600,0.0106
32.0640,0.0034
32.0680,-0.0163
32.0720,-0.0149
32.0760,-0.0174
32.0800,0.0043
32.0840,0.0159
32.0880,-0.0171
32.0920,-0.0014
32.0960,-0.0253
32.1000,0.0089
32.1040,0.0177
32.1080,-0.0210
32.1120,-0.0221
32.1160,-0.0226
32.1200,0.0061
32.1240,0.0057
32.1280,-0.0199
32.1320,-0.0100
32.1360,-0.0166
32.1400,0.0252
32.1440,0.0097
32.1480,0.0219
32.1520,-0.0583
32.1560,-0.0281
32.1600,-0.0268
32.1640,-0.0152
32.1680,-0.0262
32.1720,-0.0158
32.1760,-0.0201
32.1800,-0.0208
32.1840,-0.0219
32.1880,-0.0230
32.1920,-0.0372
32.1960,-0.0291
32.2000,-0.0293
32.2040,0.0043
32.2080,0.0204
32.2120,-0.0224
32.2160,-0.0224
32.2200,0.0123
32.2240,0.0198
32.2280,0.0154
32.2320,0.0322
32.2360,0.0354
32.2400,0.0437
32.2440,0.0799
32.2480,0.0685
32.2520,0.0794
32.2560,0.0863
32.2600,0.1198
32.2640,0.1060
32.2680,0.0964
32.2720,0.0823
32.2760,0.0786
32.2800,0.0597
32.2840,0.0174
32.2880,0.0360
32.2920,0.0076
32.2960,-0.0059
32.3000,0.0091
32.3040,-0.0109
32.3080,-0.0291
32.3120,-0.0205
32.3160,-0.0288
32.3200,-0.0277
32.3240,-0.0528
32.3280,-0.0241
32.3320,-0.0637
32.3360,-0.0530
32.3400,-0.0529
32.3440,-0.0551
32.3480,-0.0462
32.3520,-0.0351
32.3560,-0.0682
32.3600,-0.0755
32.3640,-0.0302
32.3680,-0.0677
32.3720,-0.1109
32.3760,-0.1287
32.3800,-0.1467
32.3840,-0.1308
32.3880,-0.1119
32.3920,-0.0591
32.3960,-0.0297
32.4000,0.1361
32.4040,0.2882
32.4080,0.5256
32.4120,0.7215
32.4160,0.9070
32.4200,0.9421
32.4240,0.8341
32.4280,0.6222
32.4320,0.3094
32.4360,0.0777
32.4400,-0.0856
32.4440,-0.1867
32.4480,-0.2477
32.4520,-0.2702
32.4560,-0.2230
32.4600,-0.1680
32.4640,-0.0984
32.4680,-0.0802
32.4720,-0.0770
32.4760,-0.0896
32.4800,-0.0654
32.4840,-0.0839
32.4880,-0.0350
32.4920,-0.0810
32.4960,-0.0885
32.5000,-0.0558
32.5040,-0.0800
32.5080,-0.0507
32.5120,-0.0781
32.5160,-0.1001
32.5200,-0.0390
32.5240,-0.0523
32.5280,-0.0583
32.5320,-0.0723
32.5360,-0.0901
32.5400,-0.1004
32.5440,-0.0740
32.5480,-0.0599
32.5520,-0.0459
32.5560,-0.0738
32.5600,-0.0459
32.5640,-0.0368
32.5680,-0.0788
32.5720,-0.0736
32.5760,-0.0550
32.5800,-0.0580
32.5840,-0.0391
32.5880,-0.0345
32.5920,-0.0226
32.5960,-0.0469
32.6000,-0.0230
32.6040,0.0211
32.6080,0.0367
32.6120,0.0194
32.6160,0.0438
32.6200,0.0989
32.6240,0.0834
32.6280,0.0870
32.6320,0.1153
32.6360,0.1447
32.6400,0.1647
32.6440,0.1590
32.6480,0.1883
32.6520,0.1899
32.6560,0.2075
32.6600,0.2254
32.6640,0.2257
32.6680,0.2091
32.6720,0.2121
32.6760,0.1997
32.6800,0.2113
32.6840,0.2088
32.6880,0.2076
32.6920,0.1953
32.6960,0.1550
32.7000,0.1613
32.7040,0.1370
32.7080,0.1158
32.7120,0.0983
32.7160,0.0514
32.7200,0.0529
32.7240,0.0340
32.7280,0.0344
32.7320,0.0041
32.7360,-0.0340
32.7400,-0.0286
32.7440,-0.0230
32.7480,-0.0285
32.7520,-0.0541
32.7560,-0.0820
32.7600,-0.0578
32.7640,-0.0742
32.7680,-0.0765
32.7720,-0.0875
32.7760,-0.0929
32.7800,-0.0753
32.7840,-0.0951
32.7880,-0.0889
32.7920,-0.0849
32.7960,-0.0916
32.8000,-0.0893
32.8040,-0.1048
32.8080,-0.1019
32.8120,-0.1298
32.8160,-0.1267
32.8200,-0.0980
32.8240,-0.1063
32.8280,-0.0882
32.8320,-0.0941
32.8360,-0.0715
32.8400,-0.1148
32.8440,-0.1038
32.8480,-0.1234
32.8520,-0.1049
32.8560,-0.1054
32.8600,-0.1179
32.8640,-0.1344
32.8680,-0.1344
32.8720,-0.1270
32.8760,-0.1154
32.8800,-0.0907
32.8840,-0.1134
32.8880,-0.1112
32.8920,-0.1155
32.8960,-0.1295
32.9000,-0.1416
32.9040,-0.0962
32.9080,-0.1105
32.9120,-0.1221
32.9160,-0.1186
32.9200,-0.1381
32.9240,-0.1052
32.9280,-0.1317
32.9320,-0.1341
32.9360,-0.1150
32.9400,-0.1242
32.9440,-0.1417
32.9480,-0.1137
32.9520,-0.1448
32.9560,-0.0917
32.9600,-0.1199
32.9640,-0.1147
32.9680,-0.1045
32.9720,-0.1376
32.9760,-0.1175
32.9800,-0.1067
32.9840,-0.1161
32.9880,-0.1069
32.9920,-0.1391
32.9960,-0.1308
33.0000,-0.1196
33.0040,-0.1063
33.0080,-0.1223
33.0120,-0.1458
33.0160,-0.1528
33.0200,-0.1029
33.0240,-0.1276
33.0280,-0.1150
33.0320,-0.1143
33.0360,-0.1416
33.0400,-0.1073
33.0440,-0.0826
33.0480,-0.0892
33.0520,-0.1416
33.0560,-0.1443
33.0600,-0.1298
33.0640,-0.1202
33.0680,-0.1244
33.0720,-0.1207
33.0760,-0.1452
33.0800,-0.1102
33.0840,-0.1314
33.0880,-0.1022
33.0920,-0.1122
33.0960,-0.0774
33.1000,-0.0855
33.1040,-0.0733
33.1080,-0.0520
33.1120,-0.0411
33.1160,-0.0620
33.1200,-0.0358
33.1240,-0.0208
33.1280,0.0089
33.1320,-0.0250
33.1360,-0.0140
33.1400,-0.0355
33.1440,-0.0388
33.1480,-0.0330
33.1520,-0.0525
33.1560,-0.0759
33.1600,-0.1039
33.1640,-0.0724
33.1680,-0.1156
33.1720,-0.0777
33.1760,-0.1177
33.1800,-0.1326
33.1840,-0.1184
33.1880,-0.1427
33.1920,-0.1303
33.1960,-0.1415
33.2000,-0.1300
33.2040,-0.1449
33.2080,-0.1234
33.2120,-0.1528
33.2160,-0.1315
33.2200,-0.1390
33.2240,-0.1075
33.2280,-0.1384
33.2320,-0.1683
33.2360,-0.1571
33.2400,-0.2081
33.2440,-0.2174
33.2480,-0.2329
33.2520,-0.2350
33.2560,-0.2015
33.2600,-0.1309
33.2640,-0.0002
33.2680,0.1454
33.2720,0.3570
33.2760,0.5703
33.2800,0.7867
33.2840,0.8661
33.2880,0.7961
33.2920,0.5754
33.2960,0.2942
33.3000,0.0726
33.3040,-0.1102
33.3080,-0.2317
33.3120,-0.3619
33.3160,-0.3639
33.3200,-0.3349
33.3240,-0.2414
33.3280,-0.1902
33.3320,-0.1524
33.3360,-0.1468
33.3400,-0.1552
33.3440,-0.1301
33.3480,-0.1367
33.3520,-0.1391
33.3560,-0.1253
33.3600,-0.1332
33.3640,-0.1165
33.3680,-0.1321
33.3720,-0.1309
33.3760,-0.1531
33.3800,-0.1597
33.3840,-0.1418
33.3880,-0.0956
33.3920,-0.1542
33.3960,-0.1446
33.4000,-0.1100
33.4040,-0.1080
33.4080,-0.0940
33.4120,-0.1530
33.4160,-0.1287
33.4200,-0.1213
33.4240,-0.1272
33.4280,-0.1312
33.4320,-0.1235
33.4360,-0.1129
33.4400,-0.1084
33.4440,-0.0959
33.4480,-0.0997
33.4520,-0.1002
33.4560,-0.0771
33.4600,-0.0756
33.4640,-0.0366
33.4680,-0.0281
33.4720,-0.0050
33.4760,0.0110
33.4800,-0.0031
33.4840,0.0551
33.4880,0.0574
33.4920,0.0535
33.4960,0.0783
33.5000,0.1069
33.5040,0.1087
33.5080,0.1202
33.5120,0.1365
33.5160,0.1151
33.5200,0.1515
33.5240,0.1703
33.5280,0.1642
33.5320,0.1292
33.5360,0.1398
33.5400,0.1501
33.5440,0.1259
33.5480,0.1082
33.5520,0.0999
33.5560,0.0769
33.5600,0.0630
33.5640,0.0558
33.5680,0.0451
33.5720,0.0167
33.5760,-0.0187
33.5800,-0.0098
33.5840,-0.0483
33.5880,-0.0341
33.5920,-0.0625
33.5960,-0.0692
33.6000,-0.0722
33.6040,-0.1083
33.6080,-0.0980
33.6120,-0.0987
33.6160,-0.1175
33.6200,-0.1282
33.6240,-0.1189
33.6280,-0.1101
33.6320,-0.1501
33.6360,-0.1371
33.6400,-0.1246
33.6440,-0.1250
33.6480,-0.1499
33.6520,-0.1589
33.6560,-0.1749
33.6600,-0.1621
33.6640,-0.1104
33.6680,-0.1200
33.6720,-0.1422
33.6760,-0.1667
33.6800,-0.1346
33.6840,-0.1229
33.6880,-0.1332
33.6920,-0.1337
33.6960,-0.1296
33.7000,-0.1240
33.7040,-0.1375
33.7080,-0.1454
33.7120,-0.1154
33.7160,-0.1293
33.7200,-0.1437
33.7240,-0.1288
33.7280,-0.1400
33.7320,-0.1567
33.7360,-0.1598
33.7400,-0.1408
33.7440,-0.1185
33.7480,-0.1625
33.7520,-0.1548
33.7560,-0.1498
33.7600,-0.1125
33.7640,-0.1194
33.7680,-0.1208
33.7720,-0.1262
33.7760,-0.1409
33.7800,-0.1182
33.7840,-0.1149
33.7880,-0.1429
33.7920,-0.1443
33.7960,-0.1302
33.8000,-0.1188
33.8040,-0.1060
33.8080,-0.1166
33.8120,-0.1425
33.8160,-0.1377
33.8200,-0.1121
33.8240,-0.1309
33.8280,-0.1063
33.8320,-0.1308
33.8360,-0.1459
33.8400,-0.0944
33.8440,-0.1088
33.8480,-0.1184
33.8520,-0.1164
33.8560,-0.1322
33.8600,-0.1341
33.8640,-0.1088
33.8680,-0.1067
33.8720,-0.1166
33.8760,-0.1050
33.8800,-0.1135
33.8840,-0.1234
33.8880,-0.0800
33.8920,-0.1001
33.8960,-0.0853
33.9000,-0.0689
33.9040,-0.0579
33.9080,-0.0630
33.9120,-0.0544
33.9160,-0.0295
33.9200,-0.0188
33.9240,0.0013
33.9280,0.0271
33.9320,-0.0185
33.9360,-0.0263
33.9400,-0.0037
33.9440,-0.0134
33.9480,-0.0215
33.9520,-0.0362
33.9560,-0.0867
33.9600,-0.0639
33.9640,-0.0755
33.9680,-0.0941
33.9720,-0.0762
33.9760,-0.0802
33.9800,-0.1145
33.9840,-0.0942
33.9880,-0.1071
33.9920,-0.1144
33.9960,-0.1022
34.0000,-0.1103
34.0040,-0.0951
34.0080,-0.1075
34.0120,-0.1124
34.0160,-0.1224
34.0200,-0.0931
34.0240,-0.1183
34.0280,-0.0905
34.0320,-0.1107
34.0360,-0.1333
34.0400,-0.1920
34.0440,-0.1864
34.0480,-0.1988
34.0520,-0.1908
34.0560,-0.1717
34.0600,-0.1089
34.0640,0.0046
34.0680,0.1433
34.0720,0.3259
34.0760,0.5767
34.0800,0.8140
34.0840,0.8865
34.0880,0.8587
34.0920,0.6132
34.0960,0.3956
34.1000,0.1866
34.1040,-0.0250
34.1080,-0.1939
34.1120,-0.2591
34.1160,-0.3123
34.1200,-0.2872
34.1240,-0.2285
34.1280,-0.1853
34.1320,-0.1221
34.1360,-0.1001
34.1400,-0.0996
34.1440,-0.0550
34.1480,-0.0989
34.1520,-0.0883
34.1560,-0.1156
34.1600,-0.0856
34.1640,-0.0681
34.1680,-0.0671
34.1720,-0.1011
34.1760,-0.1096
34.1800,-0.0969
34.1840,-0.0784
34.1880,-0.0752
34.1920,-0.0969
34.1960,-0.0855
34.2000,-0.0956
34.2040,-0.0644
34.2080,-0.0565
34.2120,-0.0655
34.2160,-0.0660
34.2200,-0.0828
34.2240,-0.0534
34.2280,-0.0616
34.2320,-0.0662
34.2360,-0.0660
34.2400,-0.0466
34.2440,-0.0218
34.2480,-0.0179
34.2520,-0.0219
34.2560,-0.0462
34.2600,0.0135
34.2640,0.0222
34.2680,0.0270
34.2720,0.0732
34.2760,0.0772
34.2800,0.0823
34.2840,0.1163
34.2880,0.1463
34.2920,0.1293
34.2960,0.1186
34.3000,0.1820
34.3040,0.2067
34.3080,0.2207
34.3120,0.2146
34.3160,0.2020
34.3200,0.2372
34.3240,0.2471
34.3280,0.2216
34.3320,0.2123
34.3360,0.2232
34.3400,0.2342
34.3440,0.2351
34.3480,0.2122
34.3520,0.1871
34.3560,0.1562
34.3600,0.1443
34.3640,0.1345
34.3680,0.1468
34.3720,0.1145
34.3760,0.0983
34.3800,0.0921
34.3840,0.0759
34.3880,0.0576
34.3920,0.0144
34.3960,0.0090
34.4000,0.0257
34.4040,-0.0001
34.4080,0.0299
34.4120,-0.0188
34.4160,-0.0158
34.4200,-0.0101
34.4240,-0.0326
34.4280,-0.0063
34.4320,-0.0490
34.4360,-0.0232
34.4400,-0.0685
34.4440,-0.0223
34.4480,-0.0311
34.4520,-0.0472
34.4560,-0.0635
34.4600,-0.0337
34.4640,-0.0349
34.4680,-0.0083
34.4720,-0.0353
34.4760,-0.0546
34.4800,-0.0600
34.4840,-0.0315
34.4880,-0.0333
34.4920,-0.0535
34.4960,-0.0386
34.5000,-0.0614
34.5040,-0.0097
34.5080,-0.0329
34.5120,-0.0616
34.5160,-0.0345
34.5200,-0.0284
34.5240,-0.0095
34.5280,-0.0300
34.5320,-0.0227
34.5360,-0.0353
34.5400,-0.0429
34.5440,-0.0103
34.5480,-0.0352
34.5520,-0.0295
34.5560,-0.0283
34.5600,-0.0037
34.5640,-0.0133
34.5680,-0.0464
34.5720,-0.0251
34.5760,-0.0427
34.5800,0.0071
34.5840,0.0045
34.5880,-0.0082
34.5920,-0.0394
34.5960,-0.0101
34.6000,-0.0242
34.6040,-0.0148
34.6080,-0.0309
34.6120,-0.0059
34.6160,-0.0148
34.6200,0.0088
34.6240,-0.0014
34.6280,-0.0169
34.6320,0.0034
34.6360,-0.0449
34.6400,-0.0073
34.6440,-0.0087
34.6480,-0.0246
34.6520,-0.0057
34.6560,-0.0350
34.6600,0.0213
34.6640,-0.0078
34.6680,0.0249
34.6720,-0.0134
34.6760,-0.0327
34.6800,0.0236
34.6840,0.0280
34.6880,0.0408
34.6920,0.0147
34.6960,0.0387
34.7000,0.0650
34.7040,0.0555
34.7080,0.0815
34.7120,0.0757
34.7160,0.0898
34.7200,0.1286
34.7240,0.1486
34.7280,0.1501
34.7320,0.1102
34.7360,0.1149
34.7400,0.1108
34.7440,0.0789
34.7480,0.1168
34.7520,0.0924
34.7560,0.0558
34.7600,0.0591
34.7640,0.0628
34.7680,0.0463
34.7720,0.0371
34.7760,0.0255
34.7800,0.0056
34.7840,0.0292
34.7880,0.0377
34.7920,0.0191
34.7960,-0.0128
34.8000,0.0392
34.8040,0.0427
34.8080,0.0262
34.8120,0.0302
34.8160,0.0229
34.8200,-0.0074
34.8240,0.0123
34.8280,0.0266
34.8320,0.0142
34.8360,0.0435
34.8400,0.0146
34.8440,0.0240
34.8480,-0.0132
34.8520,-0.0615
34.8560,-0.0869
34.8600,-0.0554
34.8640,-0.0055
34.8680,0.0356
34.8720,0.0854
34.8760,0.2409
34.8800,0.4713
34.8840,0.6873
34.8880,0.9278
34.8920,1.0262
34.8960,0.9645
34.9000,0.8510
34.9040,0.5853
34.9080,0.3397
34.9120,0.1075
34.9160,-0.0463
34.9200,-0.1458
34.9240,-0.1493
34.9280,-0.1464
34.9320,-0.1265
34.9360,-0.0399
34.9400,0.0041
34.9440,0.0482
34.9480,0.0640
34.9520,0.0371
34.9560,0.0409
34.9600,0.0306
34.9640,0.0604
34.9680,0.0651
34.9720,0.0428
34.9760,0.0610
34.9800,0.0610
34.9840,0.0587
34.9880,0.0600
34.9920,0.0612
34.9960,0.0260
35.0000,0.0579
35.0040,0.0729
35.0080,0.0516
35.0120,0.0524
35.0160,0.0437
35.0200,0.0590
35.0240,0.0760
35.0280,0.0484
35.0320,0.0772
35.0360,0.0427
35.0400,0.0716
35.0440,0.0827
35.0480,0.0877
35.0520,0.0848
35.0560,0.1093
35.0600,0.1026
35.0640,0.1176
35.0680,0.0964
35.0720,0.0903
35.0760,0.1446
35.0800,0.1295
35.0840,0.1949
35.0880,0.1818
35.0920,0.1643
35.0960,0.1911
35.1000,0.2322
35.1040,0.2466
35.1080,0.2653
35.1120,0.2656
35.1160,0.2955
35.1200,0.2940
35.1240,0.3021
35.1280,0.3204
35.1320,0.3475
35.1360,0.3422
35.1400,0.3781
35.1440,0.3747
35.1480,0.3800
35.1520,0.3503
35.1560,0.3861
35.1600,0.3945
35.1640,0.4019
35.1680,0.3904
35.1720,0.3433
35.1760,0.3153
35.1800,0.3396
35.1840,0.3186
35.1880,0.3160
35.1920,0.2830
35.1960,0.2541
35.2000,0.2282
35.2040,0.2148
35.2080,0.2453
35.2120,0.1840
35.2160,0.1707
35.2200,0.1867
35.2240,0.1770
35.2280,0.1600
35.2320,0.1526
35.2360,0.1179
35.2400,0.1389
35.2440,0.1465
35.2480,0.1271
35.2520,0.1095
35.2560,0.0953
35.2600,0.0947
35.2640,0.1014
35.2680,0.1153
35.2720,0.1019
35.2760,0.1048
35.2800,0.1239
35.2840,0.1321
35.2880,0.1171
35.2920,0.0747
35.2960,0.0819
35.3000,0.0911
35.3040,0.1143
35.3080,0.0984
35.3120,0.0839
35.3160,0.0854
35.3200,0.1121
35.3240,0.1144
35.3280,0.1034
35.3320,0.0957
35.3360,0.0984
35.3400,0.0920
35.3440,0.0950
35.3480,0.0982
35.3520,0.0815
35.3560,0.0618
35.3600,0.1182
35.3640,0.1182
35.3680,0.1135
35.3720,0.0933
35.3760,0.1048
35.3800,0.1073
35.3840,0.1145
35.3880,0.1018
35.3920,0.0942
35.3960,0.0936
35.4000,0.1166
35.4040,0.1197
35.4080,0.1179
35.4120,0.0902
35.4160,0.1274
35.4200,0.1041
35.4240,0.1002
35.4280,0.1337
35.4320,0.0865
35.4360,0.0934
35.4400,0.1222
35.4440,0.1508
35.4480,0.1333
35.4520,0.1248
35.4560,0.1032
35.4600,0.1215
35.4640,0.1068
35.4680,0.1219
35.4720,0.1275
35.4760,0.1168
35.4800,0.1258
35.4840,0.1087
35.4880,0.1301
35.4920,0.1221
35.4960,0.0913
35.5000,0.1279
35.5040,0.1440
35.5080,0.1594
35.5120,0.1028
35.5160,0.1160
35.5200,0.1326
35.5240,0.1382
35.5280,0.1393
35.5320,0.1410
35.5360,0.1027
35.5400,0.1201
35.5440,0.1512
35.5480,0.1520
35.5520,0.1259
35.5560,0.1310
35.5600,0.1033
35.5640,0.1574
35.5680,0.1501
35.5720,0.1077
35.5760,0.1399
35.5800,0.1493
35.5840,0.1662
35.5880,0.1311
35.5920,0.1341
35.5960,0.0856
35.6000,0.1433
35.6040,0.1481
35.6080,0.1592
35.6120,0.1653
35.6160,0.1484
35.6200,0.1812
35.6240,0.1931
35.6280,0.2141
35.6320,0.2365
35.6360,0.2351
35.6400,0.2265
35.6440,0.2679
35.6480,0.2541
35.6520,0.2488
35.6560,0.2292
35.6600,0.2366
35.6640,0.2372
35.6680,0.2380
35.6720,0.2059
35.6760,0.1935
35.6800,0.1814
35.6840,0.1949
35.6880,0.1865
35.6920,0.1286
35.6960,0.1293
35.7000,0.1462
35.7040,0.1670
35.7080,0.1543
35.7120,0.1422
35.7160,0.1138
35.7200,0.1479
35.7240,0.1459
35.7280,0.1476
35.7320,0.1182
35.7360,0.1283
35.7400,0.1509
35.7440,0.1424
35.7480,0.1279
35.7520,0.1432
35.7560,0.1177
35.7600,0.1006
35.7640,0.0988
35.7680,0.0647
35.7720,0.0594
35.7760,0.0101
35.7800,0.0886
35.7840,0.1154
35.7880,0.2448
35.7920,0.3071
35.7960,0.4603
35.8000,0.7073
35.8040,0.9686
35.8080,1.1170
35.8120,1.1561
35.8160,0.9884
35.8200,0.7584
35.8240,0.4905
35.8280,0.2758
35.8320,0.1065
35.8360,-0.0280
35.8400,-0.0516
35.8440,-0.0394
35.8480,-0.0010
35.8520,0.0664
35.8560,0.0822
35.8600,0.1323
35.8640,0.1416
35.8680,0.1362
35.8720,0.1305
35.8760,0.1860
35.8800,0.1442
35.8840,0.1726
35.8880,0.1314
35.8920,0.1296
35.8960,0.1298
35.9000,0.1767
35.9040,0.1825
35.9080,0.1405
35.9120,0.1371
35.9160,0.1549
35.9200,0.1339
35.9240,0.1785
35.9280,0.1787
35.9320,0.1584
35.9360,0.1433
35.9400,0.1580
35.9440,0.1575
35.9480,0.1740
35.9520,0.1458
35.9560,0.1306
35.9600,0.1514
35.9640,0.1523
35.9680,0.1686
35.9720,0.1680
35.9760,0.1612
35.9800,0.1846
35.9840,0.2010
35.9880,0.2182
35.9920,0.2043
35.9960,0.2232
36.0000,0.2563
36.0040,0.2478
36.0080,0.2593
36.0120,0.2889
36.0160,0.2894
36.0200,0.3117
36.0240,0.3528
36.0280,0.3472
36.0320,0.3735
36.0360,0.3666
36.0400,0.4085
36.0440,0.4319
36.0480,0.4107
36.0520,0.4083
36.0560,0.4233
36.0600,0.4567
36.0640,0.4745
36.0680,0.4590
36.0720,0.4752
36.0760,0.4026
36.0800,0.4552
36.0840,0.4389
36.0880,0.4257
36.0920,0.3986
36.0960,0.3745
36.1000,0.3684
36.1040,0.3624
36.1080,0.3631
36.1120,0.3003
36.1160,0.2854
36.1200,0.2869
36.1240,0.2702
36.1280,0.2572
36.1320,0.2275
36.1360,0.2068
36.1400,0.2242
36.1440,0.2159
36.1480,0.2088
36.1520,0.1792
36.1560,0.1729
36.1600,0.1693
36.1640,0.1721
36.1680,0.1631
36.1720,0.1291
36.1760,0.1691
36.1800,0.1503
36.1840,0.1578
36.1880,0.1737
36.1920,0.1312
36.1960,0.1404
36.2000,0.1352
36.2040,0.1680
36.2080,0.1576
36.2120,0.1342
36.2160,0.1477
36.2200,0.1213
36.2240,0.1527
36.2280,0.1439
36.2320,0.1255
36.2360,0.1396
36.2400,0.1278
36.2440,0.1271
36.2480,0.1381
36.2520,0.1349
36.2560,0.1742
36.2600,0.1214
36.2640,0.1662
36.2680,0.1410
36.2720,0.1217
36.2760,0.1695
36.2800,0.1393
36.2840,0.1793
36.2880,0.1362
36.2920,0.1289
36.2960,0.0973
36.3000,0.1054
36.3040,0.1554
36.3080,0.1527
36.3120,0.1442
36.3160,0.1291
36.3200,0.1376
36.3240,0.1654
36.3280,0.1553
36.3320,0.1104
36.3360,0.1072
36.3400,0.1128
36.3440,0.1394
36.3480,0.1417
36.3520,0.1495
36.3560,0.1400
36.3600,0.1399
36.3640,0.1268
36.3680,0.1378
36.3720,0.1322
36.3760,0.1185
36.3800,0.1118
36.3840,0.1292
36.3880,0.1354
36.3920,0.1180
36.3960,0.1265
36.4000,0.1492
36.4040,0.1283
36.4080,0.1455
36.4120,0.1195
36.4160,0.1342
36.4200,0.1039
36.4240,0.1325
36.4280,0.1173
36.4320,0.1306
36.4360,0.1126
36.4400,0.1160
36.4440,0.1288
36.4480,0.1206
36.4520,0.1066
36.4560,0.1046
36.4600,0.1017
36.4640,0.1472
36.4680,0.1388
36.4720,0.1282
36.4760,0.1077
36.4800,0.0985
36.4840,0.1421
36.4880,0.1199
36.4920,0.1160
36.4960,0.1431
36.5000,0.1133
36.5040,0.1165
36.5080,0.1186
36.5120,0.1534
36.5160,0.1362
36.5200,0.0964
36.5240,0.1612
36.5280,0.1672
36.5320,0.1597
36.5360,0.1729
36.5400,0.1992
36.5440,0.2143
36.5480,0.2021
36.5520,0.2188
36.5560,0.2123
36.5600,0.2100
36.5640,0.2522
36.5680,0.2225
36.5720,0.1978
36.5760,0.1863
36.5800,0.1778
36.5840,0.1873
36.5880,0.1521
36.5920,0.1526
36.5960,0.1032
36.6000,0.1302
36.6040,0.1487
36.6080,0.1469
36.6120,0.1115
36.6160,0.0989
36.6200,0.1177
36.6240,0.1015
36.6280,0.1263
36.6320,0.1036
36.6360,0.0977
36.6400,0.0953
36.6440,0.1154
36.6480,0.0838
36.6520,0.0713
36.6560,0.0619
36.6600,0.0964
36.6640,0.1263
36.6680,0.0806
36.6720,0.0338
36.6760,0.0209
36.6800,0.0238
36.6840,-0.0083
36.6880,0.0217
36.6920,0.0645
36.6960,0.0934
36.7000,0.2314
36.7040,0.4026
36.7080,0.6421
36.7120,0.8612
36.7160,1.0204
36.7200,1.0561
36.7240,0.9936
36.7280,0.7531
36.7320,0.4955
36.7360,0.2312
36.7400,0.0761
36.7440,-0.0321
36.7480,-0.1168
36.7520,-0.1478
36.7560,-0.0747
36.7600,-0.0525
36.7640,0.0426
36.7680,0.0833
36.7720,0.0751
36.7760,0.0670
36.7800,0.0777
36.7840,0.0906
36.7880,0.0948
36.7920,0.0923
36.7960,0.0721
36.8000,0.0518
36.8040,0.0967
36.8080,0.0942
36.8120,0.0848
36.8160,0.0632
36.8200,0.0888
36.8240,0.0891
36.8280,0.0571
36.8320,0.0643
36.8360,0.0592
36.8400,0.0753
36.8440,0.0894
36.8480,0.0884
36.8520,0.0741
36.8560,0.0369
36.8600,0.1161
36.8640,0.0671
36.8680,0.0999
36.8720,0.0712
36.8760,0.0810
36.8800,0.0948
36.8840,0.1016
36.8880,0.1081
36.8920,0.0885
36.8960,0.1333
36.9000,0.1305
36.9040,0.1489
36.9080,0.1651
36.9120,0.1732
36.9160,0.1766
36.9200,0.2005
36.9240,0.2380
36.9280,0.2304
36.9320,0.2777
36.9360,0.2517
36.9400,0.2692
36.9440,0.2934
36.9480,0.2999
36.9520,0.3266
36.9560,0.3264
36.9600,0.3356
36.9640,0.3860
36.9680,0.3771
36.9720,0.3580
36.9760,0.3301
36.9800,0.3297
36.9840,0.3320
36.9880,0.3137
36.9920,0.3147
36.9960,0.2913
37.0000,0.2810
37.0040,0.2367
37.0080,0.2563
37.0120,0.2140
37.0160,0.2256
37.0200,0.1879
37.0240,0.1991
37.0280,0.1849
37.0320,0.1047
37.0360,0.0997
37.0400,0.1162
37.0440,0.0942
37.0480,0.0646
37.0520,0.0629
37.0560,0.0814
37.0600,0.0727
37.0640,0.0621
37.0680,0.0528
37.0720,0.0282
37.0760,0.0339
37.0800,0.0458
37.0840,0.0253
37.0880,0.0321
37.0920,0.0089
37.0960,0.0194
37.1000,0.0299
37.1040,0.0321
37.1080,0.0590
37.1120,0.0312
37.1160,0.0214
37.1200,0.0139
37.1240,0.0364
37.1280,0.0639
37.1320,0.0221
37.1360,0.0034
37.1400,0.0213
37.1440,0.0261
37.1480,0.0134
37.1520,0.0181
37.1560,0.0345
37.1600,0.0035
37.1640,0.0350
37.1680,-0.0087
37.1720,-0.0038
37.1760,0.0251
37.1800,0.0180
37.1840,0.0472
37.1880,0.0178
37.1920,-0.0008
37.1960,0.0102
37.2000,-0.0011
37.2040,0.0417
37.2080,0.0196
37.2120,0.0030
37.2160,-0.0042
37.2200,0.0277
37.2240,0.0289
37.2280,0.0241
37.2320,0.0156
37.2360,-0.0192
37.2400,0.0197
37.2440,0.0326
37.2480,-0.0098
37.2520,-0.0088
37.2560,-0.0162
37.2600,0.0041
37.2640,0.0039
37.2680,0.0203
37.2720,-0.0173
37.2760,-0.0153
37.2800,-0.0071
37.2840,0.0073
37.2880,-0.0057
37.2920,0.0203
37.2960,-0.0257
37.3000,0.0127
37.3040,-0.0019
37.3080,0.0259
37.3120,-0.0087
37.3160,-0.0295
37.3200,-0.0088
37.3240,0.0180
37.3280,0.0050
37.3320,-0.0387
37.3360,-0.0222
37.3400,-0.0037
37.3440,-0.0017
37.3480,-0.0032
37.3520,-0.0144
37.3560,-0.0111
37.3600,-0.0255
37.3640,0.0149
37.3680,-0.0219
37.3720,-0.0194
37.3760,-0.0388
37.3800,-0.0047
37.3840,-0.0107
37.3880,0.0085
37.3920,0.0205
37.3960,-0.0110
37.4000,0.0577
37.4040,0.0483
37.4080,0.0525
37.4120,0.0831
37.4160,0.0811
37.4200,0.0929
37.4240,0.1011
37.4280,0.1046
37.4320,0.1163
37.4360,0.0954
37.4400,0.0774
37.4440,0.0912
37.4480,0.0553
37.4520,0.0028
37.4560,0.0053
37.4600,-0.0068
37.4640,0.0199
37.4680,0.0135
37.4720,-0.0185
37.4760,-0.0387
37.4800,-0.0347
37.4840,-0.0400
37.4880,-0.0111
37.4920,-0.0325
37.4960,-0.0531
37.5000,-0.0225
37.5040,-0.0201
37.5080,-0.0204
37.5120,-0.0535
37.5160,-0.0753
37.5200,-0.0219
37.5240,-0.0153
37.5280,-0.0485
37.5320,-0.0743
37.5360,-0.1282
37.5400,-0.1448
37.5440,-0.1053
37.5480,-0.0931
37.5520,-0.0763
37.5560,0.0031
37.5600,0.1060
37.5640,0.2978
37.5680,0.4965
37.5720,0.7179
37.5760,0.9230
37.5800,0.9491
37.5840,0.8491
37.5880,0.6193
37.5920,0.3860
37.5960,0.1230
37.6000,-0.0898
37.6040,-0.1729
37.6080,-0.2369
37.6120,-0.2563
37.6160,-0.2355
37.6200,-0.1501
37.6240,-0.1014
37.6280,-0.0647
37.6320,-0.0750
37.6360,-0.0759
37.6400,-0.0319
37.6440,-0.0516
37.6480,-0.0512
37.6520,-0.0586
37.6560,-0.0409
37.6600,-0.0596
37.6640,-0.0586
37.6680,-0.0361
37.6720,-0.0787
37.6760,-0.0585
37.6800,-0.0580
37.6840,-0.0233
37.6880,-0.0512
37.6920,-0.0573
37.6960,-0.0672
37.7000,-0.0719
37.7040,-0.0527
37.7080,-0.0450
37.7120,-0.0694
37.7160,-0.0687
37.7200,-0.0547
37.7240,-0.0100
37.7280,-0.0417
37.7320,-0.0562
37.7360,-0.0427
37.7400,-0.0167
37.7440,-0.0102
37.7480,0.0130
37.7520,0.0101
37.7560,0.0117
37.7600,0.0227
37.7640,0.0728
37.7680,0.0770
37.7720,0.0648
37.7760,0.0877
37.7800,0.0992
37.7840,0.1454
37.7880,0.1798
37.7920,0.1636
37.7960,0.1752
37.8000,0.1970
37.8040,0.2086
37.8080,0.2182
37.8120,0.2283
37.8160,0.2006
37.8200,0.2356
37.8240,0.2369
37.8280,0.2377
37.8320,0.1996
37.8360,0.1682
37.8400,0.1981
37.8440,0.1871
37.8480,0.1690
37.8520,0.1296
37.8560,0.1235
37.8600,0.1349
37.8640,0.0969
37.8680,0.0797
37.8720,0.0434
37.8760,0.0165
37.8800,0.0087
37.8840,0.0183
37.8880,0.0077
37.8920,-0.0214
37.8960,-0.0580
37.9000,-0.0375
37.9040,-0.0460
37.9080,-0.0576
37.9120,-0.0731
37.9160,-0.0758
37.9200,-0.0545
37.9240,-0.0976
37.9280,-0.0746
37.9320,-0.0668
37.9360,-0.0891
37.9400,-0.0694
37.9440,-0.0677
37.9480,-0.0843
37.9520,-0.0944
37.9560,-0.0830
37.9600,-0.1063
37.9640,-0.0795
37.9680,-0.0984
37.9720,-0.0948
37.9760,-0.0999
37.9800,-0.0757
37.9840,-0.0878
37.9880,-0.0897
37.9920,-0.1154
37.9960,-0.1019
38.0000,-0.0855
38.0040,-0.0906
38.0080,-0.0613
38.0120,-0.0712
38.0160,-0.1212
38.0200,-0.0812
38.0240,-0.0640
38.0280,-0.0991
38.0320,-0.1298
38.0360,-0.0741
38.0400,-0.0904
38.0440,-0.0895
38.0480,-0.0989
38.0520,-0.0899
38.0560,-0.0859
38.0600,-0.0795
38.0640,-0.0660
38.0680,-0.0746
38.0720,-0.1365
38.0760,-0.1276
38.0800,-0.0883
38.0840,-0.1133
38.0880,-0.1222
38.0920,-0.1305
38.0960,-0.1127
38.1000,-0.0983
38.1040,-0.1072
38.1080,-0.1150
38.1120,-0.0741
38.1160,-0.0925
38.1200,-0.0966
38.1240,-0.0770
38.1280,-0.0787
38.1320,-0.0994
38.1360,-0.1062
38.1400,-0.1045
38.1440,-0.0823
38.1480,-0.0981
38.1520,-0.1404
38.1560,-0.1311
38.1600,-0.1219
38.1640,-0.0698
38.1680,-0.1021
38.1720,-0.1137
38.1760,-0.0973
38.1800,-0.0644
38.1840,-0.0516
38.1880,-0.0746
38.1920,-0.0632
38.1960,-0.0530
38.2000,-0.0200
38.2040,-0.0138
38.2080,0.0063
38.2120,0.0230
38.2160,0.0274
38.2200,0.0282
38.2240,0.0403
38.2280,0.0043
38.2320,-0.0141
38.2360,-0.0249
38.2400,-0.0404
38.2440,-0.0242
38.2480,-0.0545
38.2520,-0.0891
38.2560,-0.0937
38.2600,-0.0905
38.2640,-0.0915
38.2680,-0.0783
38.2720,-0.1226
38.2760,-0.0897
38.2800,-0.0847
38.2840,-0.0968
38.2880,-0.1031
38.2920,-0.1197
38.2960,-0.1444
38.3000,-0.1010
38.3040,-0.0997
38.3080,-0.0926
38.3120,-0.1445
38.3160,-0.1377
38.3200,-0.1408
38.3240,-0.0873
38.3280,-0.1284
38.3320,-0.1689
38.3360,-0.2047
38.3400,-0.2101
38.3440,-0.1850
38.3480,-0.1768
38.3520,-0.1351
38.3560,-0.0410
38.3600,0.0702
38.3640,0.2839
38.3680,0.5182
38.3720,0.7121
38.3760,0.8779
38.3800,0.8615
38.3840,0.7259
38.3880,0.4841
38.3920,0.1655
38.3960,-0.0126
38.4000,-0.1839
38.4040,-0.2769
38.4080,-0.3051
38.4120,-0.2849
38.4160,-0.2381
38.4200,-0.2158
38.4240,-0.1447
38.4280,-0.1134
38.4320,-0.1137
38.4360,-0.1440
38.4400,-0.1294
38.4440,-0.0825
38.4480,-0.1018
38.4520,-0.1349
38.4560,-0.1364
38.4600,-0.1203
38.4640,-0.0806
38.4680,-0.0962
38.4720,-0.1054
38.4760,-0.1351
38.4800,-0.1110
38.4840,-0.0820
38.4880,-0.0928
38.4920,-0.1367
38.4960,-0.1169
38.5000,-0.1038
38.5040,-0.1192
38.5080,-0.1186
38.5120,-0.1122
38.5160,-0.1046
38.5200,-0.1037
38.5240,-0.1082
38.5280,-0.1089
38.5320,-0.1111
38.5360,-0.0934
38.5400,-0.0553
38.5440,-0.0493
38.5480,-0.0771
38.5520,-0.0674
38.5560,-0.0623
38.5600,-0.0304
38.5640,-0.0172
38.5680,0.0131
38.5720,0.0004
38.5760,-0.0155
38.5800,0.0232
38.5840,0.0736
38.5880,0.0672
38.5920,0.0801
38.5960,0.0853
38.6000,0.1148
38.6040,0.1591
38.6080,0.1672
38.6120,0.1585
38.6160,0.1750
38.6200,0.2201
38.6240,0.1963
38.6280,0.1647
38.6320,0.2016
38.6360,0.1667
38.6400,0.1819
38.6440,0.1846
38.6480,0.1381
38.6520,0.1550
38.6560,0.1383
38.6600,0.1233
38.6640,0.1050
38.6680,0.0959
38.6720,0.0614
38.6760,0.0127
38.6800,0.0090
38.6840,0.0128
38.6880,0.0095
38.6920,-0.0303
38.6960,-0.0338
38.7000,-0.0383
38.7040,-0.0211
38.7080,-0.0764
38.7120,-0.0507
38.7160,-0.0856
38.7200,-0.1015
38.7240,-0.0765
38.7280,-0.0791
38.7320,-0.0939
38.7360,-0.0972
38.7400,-0.1190
38.7440,-0.1184
38.7480,-0.1051
38.7520,-0.1269
38.7560,-0.1275
38.7600,-0.1257
38.7640,-0.0908
38.7680,-0.0934
38.7720,-0.1110
38.7760,-0.1135
38.7800,-0.0872
38.7840,-0.1128
38.7880,-0.0898
38.7920,-0.1069
38.7960,-0.1330
38.8000,-0.1102
38.8040,-0.0854
38.8080,-0.1431
38.8120,-0.0991
38.8160,-0.1154
38.8200,-0.0952
38.8240,-0.0665
38.8280,-0.1028
38.8320,-0.1130
38.8360,-0.1446
38.8400,-0.1328
38.8440,-0.1062
38.8480,-0.1031
38.8520,-0.1040
38.8560,-0.1212
38.8600,-0.0898
38.8640,-0.0870
38.8680,-0.0827
38.8720,-0.0913
38.8760,-0.0946
38.8800,-0.0957
38.8840,-0.1161
38.8880,-0.0978
38.8920,-0.1265
38.8960,-0.1222
38.9000,-0.0962
38.9040,-0.1072
38.9080,-0.1102
38.9120,-0.1299
38.9160,-0.1258
38.9200,-0.1050
38.9240,-0.0813
38.9280,-0.1047
38.9320,-0.1282
38.9360,-0.0832
38.9400,-0.1181
38.9440,-0.0718
38.9480,-0.1016
38.9520,-0.0989
38.9560,-0.1060
38.9600,-0.0945
38.9640,-0.0780
38.9680,-0.1230
38.9720,-0.1044
38.9760,-0.0917
38.9800,-0.0907
38.9840,-0.0986
38.9880,-0.0887
38.9920,-0.0972
38.9960,-0.1040
39.0000,-0.0872
39.0040,-0.0866
39.0080,-0.0897
39.0120,-0.1133
39.0160,-0.1147
39.0200,-0.1065
39.0240,-0.0684
39.0280,-0.0677
39.0320,-0.0870
39.0360,-0.0883
39.0400,-0.0544
39.0440,-0.0487
39.0480,-0.0277
39.0520,-0.0281
39.0560,-0.0211
39.0600,0.0244
39.0640,0.0170
39.0680,0.0149
39.0720,-0.0003
39.0760,0.0119
39.0800,0.0386
39.0840,0.0098
39.0880,0.0229
39.0920,-0.0003
39.0960,-0.0104
39.1000,-0.0270
39.1040,-0.0493
39.1080,-0.0379
39.1120,-0.0849
39.1160,-0.0586
39.1200,-0.0407
39.1240,-0.0718
39.1280,-0.0645
39.1320,-0.0908
39.1360,-0.0949
39.1400,-0.0761
39.1440,-0.0499
39.1480,-0.0748
39.1520,-0.0946
39.1560,-0.0951
39.1600,-0.0815
39.1640,-0.0442
39.1680,-0.0791
39.1720,-0.1163
39.1760,-0.1094
39.1800,-0.0770
39.1840,-0.0875
39.1880,-0.1200
39.1920,-0.1426
39.1960,-0.1280
39.2000,-0.1658
39.2040,-0.1923
39.2080,-0.1617
39.2120,-0.1014
39.2160,-0.0590
39.2200,0.0759
39.2240,0.2167
39.2280,0.4441
39.2320,0.6602
39.2360,0.8407
39.2400,0.9256
39.2440,0.8151
39.2480,0.6281
39.2520,0.3578
39.2560,0.0927
39.2600,-0.0447
39.2640,-0.1849
39.2680,-0.2698
39.2720,-0.3249
39.2760,-0.2791
39.2800,-0.1817
39.2840,-0.1061
39.2880,-0.1027
39.2920,-0.1124
39.2960,-0.1091
39.3000,-0.0762
39.3040,-0.0705
39.3080,-0.0656
39.3120,-0.0618
39.3160,-0.1060
39.3200,-0.0659
39.3240,-0.0579
39.3280,-0.0586
39.3320,-0.0690
39.3360,-0.0771
39.3400,-0.0639
39.3440,-0.0653
39.3480,-0.0474
39.3520,-0.0817
39.3560,-0.0698
39.3600,-0.0450
39.3640,-0.0409
39.3680,-0.0627
39.3720,-0.0780
39.3760,-0.0656
39.3800,-0.0716
39.3840,-0.0539
39.3880,-0.0404
39.3920,-0.0780
39.3960,-0.0435
39.4000,-0.0539
39.4040,-0.0021
39.4080,-0.0138
39.4120,-0.0185
39.4160,-0.0562
39.4200,-0.0021
39.4240,-0.0025
39.4280,0.0375
39.4320,0.0404
39.4360,-0.0023
39.4400,0.0589
39.4440,0.0785
39.4480,0.0632
39.4520,0.0973
39.4560,0.1008
39.4600,0.1487
39.4640,0.1570
39.4680,0.1619
39.4720,0.1968
39.4760,0.2120
39.4800,0.1992
39.4840,0.2367
39.4880,0.2534
39.4920,0.2145
39.4960,0.2208
39.5000,0.2549
39.5040,0.2663
39.5080,0.2680
39.5120,0.2342
39.5160,0.2333
39.5200,0.2271
39.5240,0.1996
39.5280,0.2156
39.5320,0.1631
39.5360,0.1965
39.5400,0.1499
39.5440,0.1268
39.5480,0.1506
39.5520,0.0935
39.5560,0.0609
39.5600,0.0797
39.5640,0.0964
39.5680,0.0869
39.5720,0.0240
39.5760,0.0083
39.5800,0.0108
39.5840,0.0047
39.5880,0.0161
39.5920,-0.0317
39.5960,0.0010
39.6000,-0.0265
39.6040,-0.0161
39.6080,-0.0151
39.6120,-0.0240
39.6160,-0.0350
39.6200,-0.0390
39.6240,-0.0236
39.6280,-0.0188
39.6320,-0.0423
39.6360,-0.0576
39.6400,-0.0221
39.6440,-0.0527
39.6480,-0.0471
39.6520,-0.0587
39.6560,-0.0209
39.6600,-0.0459
39.6640,-0.0205
39.6680,-0.0166
39.6720,-0.0222
39.6760,-0.0308
39.6800,-0.0223
39.6840,-0.0354
39.6880,-0.0533
39.6920,-0.0419
39.6960,-0.0420
39.7000,-0.0282
39.7040,-0.0674
39.7080,-0.0563
39.7120,-0.0334
39.7160,-0.0476
39.7200,-0.0398
39.7240,-0.0046
39.7280,-0.0239
39.7320,-0.0040
39.7360,-0.0252
39.7400,-0.0578
39.7440,-0.0226
39.7480,-0.0031
39.7520,-0.0537
39.7560,-0.0399
39.7600,-0.0184
39.7640,-0.0369
39.7680,-0.0001
39.7720,-0.0324
39.7760,-0.0480
39.7800,0.0115
39.7840,-0.0133
39.7880,-0.0166
39.7920,-0.0381
39.7960,-0.0348
39.8000,-0.0125
39.8040,-0.0032
39.8080,-0.0305
39.8120,-0.0198
39.8160,-0.0158
39.8200,-0.0314
39.8240,-0.0411
39.8280,0.0064
39.8320,-0.0449
39.8360,-0.0394
39.8400,-0.0077
39.8440,0.0123
39.8480,-0.0152
39.8520,-0.0175
39.8560,-0.0240
39.8600,-0.0154
39.8640,-0.0144
39.8680,0.0151
39.8720,-0.0257
39.8760,-0.0188
39.8800,-0.0232
39.8840,0.0129
39.8880,0.0052
39.8920,-0.0305
39.8960,-0.0319
39.9000,0.0197
39.9040,-0.0066
39.9080,-0.0067
39.9120,-0.0121
39.9160,-0.0234
39.9200,-0.0297
39.9240,-0.0128
39.9280,-0.0043
39.9320,-0.0040
39.9360,-0.0394
39.9400,0.0248
39.9440,0.0147
39.9480,-0.0101
39.9520,-0.0065
39.9560,-0.0152
39.9600,0.0038
39.9640,0.0042
39.9680,0.0118
39.9720,0.0346
39.9760,0.0257
39.9800,0.0374
39.9840,0.0391
39.9880,0.0677
39.9920,0.0632
39.9960,0.0629
40.0000,0.0734
40.0040,0.0795
40.0080,0.1232
40.0120,0.1345
40.0160,0.1135
40.0200,0.0989
40.0240,0.1378
40.0280,0.0765
40.0320,0.0712
40.0360,0.0632
40.0400,0.0776
40.0440,0.0641
40.0480,0.0623
40.0520,0.0238
40.0560,0.0133
40.0600,0.0209
40.0640,0.0277
40.0680,0.0297
40.0720,-0.0141
40.0760,0.0130
40.0800,0.0188
40.0840,0.0100
40.0880,0.0041
40.0920,0.0091
40.0960,0.0148
40.1000,0.0341
40.1040,0.0307
40.1080,0.0072
40.1120,0.0174
40.1160,-0.0328
40.1200,-0.0011
40.1240,0.0237
40.1280,-0.0146
40.1320,-0.0491
40.1360,-0.1151
40.1400,-0.0580
40.1440,-0.0780
40.1480,-0.0619
40.1520,0.0122
40.1560,0.0881
40.1600,0.2273
40.1640,0.4322
40.1680,0.6687
40.1720,0.8539
40.1760,1.0123
40.1800,0.9638
40.1840,0.8037
40.1880,0.5777
40.1920,0.2798
40.1960,0.0517
40.2000,-0.0715
40.2040,-0.1291
40.2080,-0.1978
40.2120,-0.1608
40.2160,-0.1155
40.2200,-0.0667
40.2240,0.0075
40.2280,0.0082
40.2320,-0.0074
40.2360,0.0025
40.2400,0.0207
40.2440,0.0335
40.2480,0.0177
40.2520,0.0032
40.2560,0.0033
40.2600,0.0141
40.2640,0.0323
40.2680,0.0071
40.2720,0.0090
40.2760,0.0199
40.2800,0.0167
40.2840,0.0390
40.2880,0.0375
40.2920,0.0023
40.2960,0.0072
40.3000,0.0431
40.3040,0.0377
40.3080,0.0548
40.3120,0.0214
40.3160,0.0369
40.3200,0.0425
40.3240,0.0488
40.3280,0.0435
40.3320,0.0256
40.3360,0.0386
40.3400,0.0614
40.3440,0.0678
40.3480,0.0571
40.3520,0.0517
40.3560,0.0815
40.3600,0.0804
40.3640,0.1284
40.3680,0.1087
40.3720,0.0840
40.3760,0.1522
40.3800,0.1827
40.3840,0.1849
40.3880,0.2112
40.3920,0.1923
40.3960,0.2397
40.4000,0.2397
40.4040,0.2441
40.4080,0.3107
40.4120,0.2970
40.4160,0.2740
40.4200,0.2883
40.4240,0.3249
40.4280,0.3072
40.4320,0.3262
40.4360,0.3193
40.4400,0.3096
40.4440,0.3332
40.4480,0.3421
40.4520,0.2901
40.4560,0.2821
40.4600,0.2929
40.4640,0.2849
40.4680,0.2551
40.4720,0.2225
40.4760,0.2204
40.4800,0.1927
40.4840,0.2151
40.4880,0.1668
40.4920,0.1405
40.4960,0.1134
40.5000,0.1171
40.5040,0.1214
40.5080,0.0971
40.5120,0.0890
40.5160,0.0765
40.5200,0.0564
40.5240,0.0717
40.5280,0.0620
40.5320,0.0666
40.5360,0.0414
40.5400,0.0344
40.5440,0.0689
40.5480,0.0527
40.5520,0.0290
40.5560,0.0148
40.5600,0.0582
40.5640,0.0687
40.5680,0.0071
40.5720,0.0244
40.5760,0.0328
40.5800,0.0332
40.5840,0.0345
40.5880,0.0318
40.5920,0.0243
40.5960,0.0347
40.6000,0.0420
40.6040,0.0598
40.6080,0.0526
40.6120,0.0493
40.6160,0.0328
40.6200,0.0316
40.6240,0.0797
40.6280,0.0761
40.6320,0.0493
40.6360,0.0069
40.6400,0.0527
40.6440,0.0642
40.6480,0.0392
40.6520,0.0361
40.6560,0.0402
40.6600,0.0479
40.6640,0.0537
40.6680,0.0563
40.6720,0.0620
40.6760,0.0522
40.6800,0.0448
40.6840,0.0574
40.6880,0.0685
40.6920,0.0141
40.6960,0.0411
40.7000,0.0430
40.7040,0.0402
40.7080,0.0539
40.7120,0.0243
40.7160,0.0413
40.7200,0.0433
40.7240,0.0564
40.7280,0.0701
40.7320,0.0263
40.7360,0.0272
40.7400,0.0769
40.7440,0.0596
40.7480,0.0374
40.7520,0.0508
40.7560,0.0179
40.7600,0.0382
40.7640,0.0427
40.7680,0.0478
40.7720,0.0333
40.7760,0.0285
40.7800,0.0393
40.7840,0.0629
40.7880,0.0812
40.7920,0.0447
40.7960,0.0394
40.8000,0.0595
40.8040,0.0557
40.8080,0.0495
40.8120,0.0342
40.8160,0.0087
40.8200,0.0423
40.8240,0.0689
40.8280,0.0663
40.8320,0.0147
40.8360,0.0497
40.8400,0.0477
40.8440,0.0707
40.8480,0.0652
40.8520,0.0537
40.8560,0.0532
40.8600,0.0457
40.8640,0.0776
40.8680,0.0554
40.8720,0.0686
40.8760,0.0230
40.8800,0.0567
40.8840,0.0886
40.8880,0.0924
40.8920,0.0871
40.8960,0.0814
40.9000,0.1055
40.9040,0.1250
40.9080,0.1376
40.9120,0.1454
40.9160,0.1396
40.9200,0.1709
40.9240,0.1906
40.9280,0.1901
40.9320,0.1761
40.9360,0.1355
40.9400,0.1671
40.9440,0.1478
40.9480,0.1089
40.9520,0.1116
40.9560,0.0759
40.9600,0.1083
40.9640,0.0864
40.9680,0.0812
40.9720,0.0412
40.9760,0.0601
40.9800,0.0480
40.9840,0.0738
40.9880,0.0580
40.9920,0.0370
40.9960,0.0249
41.0000,0.0472
41.0040,0.0511
41.0080,0.0676
41.0120,0.0170
41.0160,0.0416
41.0200,0.0586
41.0240,0.0427
41.0280,0.0563
41.0320,0.0042
41.0360,-0.0428
41.0400,-0.0408
41.0440,-0.0157
41.0480,-0.0117
41.0520,0.0220
41.0560,0.0898
41.0600,0.1931
41.0640,0.3647
41.0680,0.5853
41.0720,0.8185
41.0760,0.9740
41.0800,1.0641
41.0840,0.9573
41.0880,0.7385
41.0920,0.4677
41.0960,0.2242
41.1000,0.0308
41.1040,-0.0654
41.1080,-0.1545
41.1120,-0.1506
41.1160,-0.1130
41.1200,-0.0485
41.1240,0.0091
41.1280,0.0769
41.1320,0.0542
41.1360,0.0347
41.1400,0.0563
41.1440,0.0575
41.1480,0.0673
41.1520,0.0382
41.1560,0.0413
41.1600,0.0419
41.1640,0.0200
41.1680,0.0482
41.1720,0.0286
41.1760,0.0570
41.1800,0.0574
41.1840,0.0358
41.1880,0.0471
41.1920,0.0634
41.1960,0.0472
41.2000,0.0598
41.2040,0.0948
41.2080,0.0684
41.2120,0.0727
41.2160,0.0703
41.2200,0.0571
41.2240,0.1138
41.2280,0.0580
41.2320,0.0954
41.2360,0.0622
41.2400,0.0755
41.2440,0.1100
41.2480,0.1270
41.2520,0.1110
41.2560,0.1139
41.2600,0.1557
41.2640,0.1850
41.2680,0.1881
41.2720,0.1981
41.2760,0.2155
41.2800,0.2540
41.2840,0.2641
41.2880,0.2885
41.2920,0.3135
41.2960,0.2854
41.3000,0.3236
41.3040,0.3537
41.3080,0.3549
41.3120,0.3454
41.3160,0.3718
41.3200,0.3907
41.3240,0.3467
41.3280,0.3782
41.3320,0.3224
41.3360,0.3393
41.3400,0.3274
41.3440,0.3338
41.3480,0.3120
41.3520,0.2683
41.3560,0.2600
41.3600,0.2638
41.3640,0.2399
41.3680,0.2245
41.3720,0.1836
41.3760,0.1482
41.3800,0.1655
41.3840,0.1652
41.3880,0.1443
41.3920,0.1012
41.3960,0.1224
41.4000,0.0986
41.4040,0.0877
41.4080,0.0986
41.4120,0.0888
41.4160,0.0599
41.4200,0.0940
41.4240,0.0789
41.4280,0.0775
41.4320,0.0279
41.4360,0.0676
41.4400,0.0641
41.4440,0.1023
41.4480,0.0745
41.4520,0.0485
41.4560,0.0320
41.4600,0.0583
41.4640,0.0868
41.4680,0.0484
41.4720,0.0546
41.4760,0.0294
41.4800,0.0539
41.4840,0.0673
41.4880,0.0904
41.4920,0.0610
41.4960,0.0542
41.5000,0.0609
41.5040,0.0323
41.5080,0.0545
41.5120,0.0642
41.5160,0.0271
41.5200,0.0480
41.5240,0.0640
41.5280,0.0831
41.5320,0.0655
41.5360,0.0431
41.5400,0.0923
41.5440,0.0790
41.5480,0.0689
41.5520,0.0543
41.5560,0.0723
41.5600,0.0621
41.5640,0.0679
41.5680,0.0565
41.5720,0.0727
41.5760,0.0390
41.5800,0.0373
41.5840,0.0493
41.5880,0.0499
41.5920,0.0625
41.5960,0.0423
41.6000,0.0462
41.6040,0.0612
41.6080,0.0576
41.6120,0.0445
41.6160,0.0658
41.6200,0.0592
41.6240,0.0327
41.6280,0.0633
41.6320,0.0343
41.6360,0.0647
41.6400,0.0564
41.6440,0.0643
41.6480,0.0676
41.6520,0.0438
41.6560,0.0543
41.6600,0.0755
41.6640,0.0641
41.6680,0.0711
41.6720,0.0732
41.6760,0.0323
41.6800,0.0785
41.6840,0.0505
41.6880,0.0905
41.6920,0.1161
41.6960,0.1026
41.7000,0.1121
41.7040,0.1365
41.7080,0.1533
41.7120,0.1417
41.7160,0.1385
41.7200,0.1446
41.7240,0.1920
41.7280,0.1779
41.7320,0.1647
41.7360,0.1686
41.7400,0.1404
41.7440,0.1689
41.7480,0.1377
41.7520,0.1176
41.7560,0.1138
41.7600,0.0793
41.7640,0.0787
41.7680,0.0611
41.7720,0.0866
41.7760,0.0484
41.7800,0.0732
41.7840,0.0786
41.7880,0.0488
41.7920,0.0576
41.7960,0.0250
41.8000,0.0213
41.8040,0.0643
41.8080,0.0585
41.8120,0.0616
41.8160,0.0249
41.8200,0.0421
41.8240,0.0555
41.8280,0.0336
41.8320,0.0126
41.8360,-0.0080
41.8400,-0.0298
41.8440,-0.0320
41.8480,0.0021
41.8520,-0.0281
41.8560,0.0550
41.8600,0.1430
41.8640,0.2638
41.8680,0.4531
41.8720,0.6648
41.8760,0.9065
41.8800,1.0494
41.8840,1.0214
41.8880,0.8910
41.8920,0.6397
41.8960,0.3609
41.9000,0.1518
41.9040,0.0114
41.9080,-0.1354
41.9120,-0.1567
41.9160,-0.1378
41.9200,-0.0679
41.9240,-0.0055
41.9280,0.0421
41.9320,0.0205
41.9360,0.0241
41.9400,0.0612
41.9440,0.0177
41.9480,0.0666
41.9520,0.0272
41.9560,0.0312
41.9600,0.0592
41.9640,0.0516
41.9680,0.0741
41.9720,0.0586
41.9760,0.0479
41.9800,0.0392
41.9840,0.0547
41.9880,0.0550
41.9920,0.0546
41.9960,0.0402
42.0000,0.0503
42.0040,0.0720
42.0080,0.0550
42.0120,0.0370
42.0160,0.0493
42.0200,0.0777
42.0240,0.0760
42.0280,0.0698
42.0320,0.0502
42.0360,0.0903
42.0400,0.0947
42.0440,0.0877
42.0480,0.1007
42.0520,0.0990
42.0560,0.1028
42.0600,0.1323
42.0640,0.1446
42.0680,0.1854
42.0720,0.1777
42.0760,0.1461
42.0800,0.1892
42.0840,0.2463
42.0880,0.2466
42.0920,0.2601
42.0960,0.2620
42.1000,0.3218
42.1040,0.3431
42.1080,0.3507
42.1120,0.3229
42.1160,0.3210
42.1200,0.3341
42.1240,0.3558
42.1280,0.3444
42.1320,0.3527
42.1360,0.3413
42.1400,0.3122
42.1440,0.3216
42.1480,0.3190
42.1520,0.2855
42.1560,0.2714
42.1600,0.2565
42.1640,0.2330
42.1680,0.2090
42.1720,0.1924
42.1760,0.1839
42.1800,0.1948
42.1840,0.1635
42.1880,0.1274
42.1920,0.1284
42.1960,0.1427
42.2000,0.1115
42.2040,0.1157
42.2080,0.1072
42.2120,0.0808
42.2160,0.0480
42.2200,0.0504
42.2240,0.0826
42.2280,0.0763
42.2320,0.0420
42.2360,0.0489
42.2400,0.0488
42.2440,0.0788
42.2480,0.0356
42.2520,0.0651
42.2560,0.0140
42.2600,0.0553
42.2640,0.0876
42.2680,0.0566
42.2720,0.0441
42.2760,0.0579
42.2800,0.0402
42.2840,0.0334
42.2880,0.0294
42.2920,0.0290
42.2960,0.0385
42.3000,0.0404
42.3040,0.0812
42.3080,0.0359
42.3120,0.0455
42.3160,0.0459
42.3200,0.0167
42.3240,0.0425
42.3280,0.0481
42.3320,0.0624
42.3360,0.0339
42.3400,0.0587
42.3440,0.0467
42.3480,0.0531
42.3520,0.0434
42.3560,0.0315
42.3600,0.0670
42.3640,0.0640
42.3680,0.0450
42.3720,0.0457
42.3760,0.0280
42.3800,0.0373
42.3840,0.0443
42.3880,0.0350
42.3920,0.0438
42.3960,0.0337
42.4000,0.0338
42.4040,0.0867
42.4080,0.0566
42.4120,0.0202
42.4160,0.0313
42.4200,0.0668
42.4240,0.0744
42.4280,0.0557
42.4320,0.0429
42.4360,0.0420
42.4400,0.0519
42.4440,0.0272
42.4480,0.0474
42.4520,0.0174
42.4560,0.0413
42.4600,0.0455
42.4640,0.0437
42.4680,0.0618
42.4720,0.0389
42.4760,0.0565
42.4800,0.0414
42.4840,0.0635
42.4880,0.0500
42.4920,0.0422
42.4960,0.0552
42.5000,0.0617
42.5040,0.0757
42.5080,0.1087
42.5120,0.0963
42.5160,0.0649
42.5200,0.1352
42.5240,0.1279
42.5280,0.1605
42.5320,0.1614
42.5360,0.1494
42.5400,0.1689
42.5440,0.1759
42.5480,0.1318
42.5520,0.1326
42.5560,0.1225
42.5600,0.1376
42.5640,0.1256
42.5680,0.1122
42.5720,0.1108
42.5760,0.0528
42.5800,0.0446
42.5840,0.0416
42.5880,0.0741
42.5920,0.0344
42.5960,0.0426
42.6000,0.0392
42.6040,0.0366
42.6080,0.0547
42.6120,0.0667
42.6160,0.0386
42.6200,0.0200
42.6240,0.0711
42.6280,0.0411
42.6320,0.0297
42.6360,0.0205
42.6400,0.0527
42.6440,0.0291
42.6480,0.0230
42.6520,-0.0205
42.6560,-0.0804
42.6600,-0.0411
42.6640,-0.0361
42.6680,0.0072
42.6720,0.0531
42.6760,0.1533
42.6800,0.2930
42.6840,0.5328
42.6880,0.7548
42.6920,0.9446
42.6960,1.0392
42.7000,0.9553
42.7040,0.8042
42.7080,0.5204
42.7120,0.2597
42.7160,0.0535
42.7200,-0.0895
42.7240,-0.1407
42.7280,-0.1565
42.7320,-0.1378
42.7360,-0.0938
42.7400,-0.0340
42.7440,0.0178
42.7480,0.0300
42.7520,0.0208
42.7560,0.0230
42.7600,0.0298
42.7640,0.0524
42.7680,0.0334
42.7720,0.0495
42.7760,0.0093
42.7800,0.0362
42.7840,0.0599
42.7880,0.0079
42.7920,0.0261
42.7960,0.0178
42.8000,0.0262
42.8040,0.0632
42.8080,0.0507
42.8120,0.0063
42.8160,0.0063
42.8200,0.0389
42.8240,0.0404
42.8280,0.0526
42.8320,0.0103
42.8360,0.0372
42.8400,0.0557
42.8440,0.0391
42.8480,0.0509
42.8520,0.0546
42.8560,0.0606
42.8600,0.0634
42.8640,0.1188
42.8680,0.1052
42.8720,0.0965
42.8760,0.1138
42.8800,0.1497
42.8840,0.1323
42.8880,0.1578
42.8920,0.1474
42.8960,0.1556
42.9000,0.2022
42.9040,0.2367
42.9080,0.2458
42.9120,0.2558
42.9160,0.2648
42.9200,0.2700
42.9240,0.2876
42.9280,0.3186
42.9320,0.3180
42.9360,0.3223
42.9400,0.3372
42.9440,0.3251
42.9480,0.3480
42.9520,0.3256
42.9560,0.3197
42.9600,0.3196
42.9640,0.2947
42.9680,0.2958
42.9720,0.2451
42.9760,0.2592
42.9800,0.2479
42.9840,0.2381
42.9880,0.2279
42.9920,0.1878
42.9960,0.1698
43.0000,0.1433
43.0040,0.1411
43.0080,0.1415
43.0120,0.1053
43.0160,0.0832
43.0200,0.0809
43.0240,0.0984
43.0280,0.0923
43.0320,0.0348
43.0360,0.0488
43.0400,0.0566
43.0440,0.0464
43.0480,0.0678
43.0520,0.0616
43.0560,0.0485
43.0600,0.0468
43.0640,0.0238
43.0680,0.0722
43.0720,0.0216
43.0760,-0.0082
43.0800,0.0309
43.0840,0.0400
43.0880,0.0330
43.0920,-0.0061
43.0960,0.0257
43.1000,0.0009
43.1040,0.0374
43.1080,0.0507
43.1120,0.0110
43.1160,-0.0103
43.1200,0.0311
43.1240,0.0330
43.1280,0.0369
43.1320,0.0359
43.1360,0.0256
43.1400,0.0100
43.1440,0.0324
43.1480,0.0427
43.1520,0.0139
43.1560,0.0150
43.1600,0.0248
43.1640,0.0442
43.1680,0.0210
43.1720,0.0108
43.1760,0.0164
43.1800,0.0454
43.1840,0.0467
43.1880,0.0443
43.1920,0.0187
43.1960,-0.0027
43.2000,0.0185
43.2040,0.0428
43.2080,0.0491
43.2120,0.0370
43.2160,0.0296
43.2200,0.0338
43.2240,0.0578
43.2280,0.0388
43.2320,0.0050
43.2360,0.0367
43.2400,0.0163
43.2440,0.0465
43.2480,0.0292
43.2520,0.0102
43.2560,0.0396
43.2600,0.0500
43.2640,0.0557
43.2680,0.0529
43.2720,0.0105
43.2760,-0.0039
43.2800,0.0298
43.2840,0.0173
43.2880,0.0175
43.2920,0.0254
43.2960,0.0114
43.3000,0.0031
43.3040,0.0400
43.3080,0.0482
43.3120,0.0086
43.3160,-0.0144
43.3200,0.0092
43.3240,0.0211
43.3280,0.0406
43.3320,0.0300
43.3360,0.0397
43.3400,0.0509
43.3440,0.0852
43.3480,0.1066
43.3520,0.0783
43.3560,0.1044
43.3600,0.1231
43.3640,0.1518
43.3680,0.1408
43.3720,0.1378
43.3760,0.1278
43.3800,0.1454
43.3840,0.1583
43.3880,0.1352
43.3920,0.1213
43.3960,0.1087
43.4000,0.0886
43.4040,0.0923
43.4080,0.0672
43.4120,0.0204
43.4160,0.0453
43.4200,0.0319
43.4240,0.0357
43.4280,0.0295
43.4320,0.0404
43.4360,0.0196
43.4400,0.0145
43.4440,0.0100
43.4480,0.0415
43.4520,0.0165
43.4560,0.0177
43.4600,-0.0115
43.4640,0.0396
43.4680,0.0076
43.4720,0.0150
43.4760,0.0097
43.4800,0.0142
43.4840,0.0181
43.4880,0.0060
43.4920,-0.0539
43.4960,-0.0771
43.5000,-0.0709
43.5040,-0.0467
43.5080,-0.0501
43.5120,0.0441
43.5160,0.0897
43.5200,0.2284
43.5240,0.4502
43.5280,0.6907
43.5320,0.8759
43.5360,1.0153
43.5400,0.9594
43.5440,0.8055
43.5480,0.5602
43.5520,0.2673
43.5560,0.0599
43.5600,-0.0896
43.5640,-0.1530
43.5680,-0.1982
43.5720,-0.2091
43.5760,-0.1349
43.5800,-0.0949
43.5840,-0.0269
43.5880,-0.0040
43.5920,-0.0183
43.5960,-0.0249
43.6000,-0.0246
43.6040,0.0204
43.6080,0.0069
43.6120,0.0129
43.6160,0.0176
43.6200,0.0032
43.6240,0.0178
43.6280,0.0268
43.6320,0.0197
43.6360,-0.0034
43.6400,0.0056
43.6440,0.0308
43.6480,0.0282
43.6520,-0.0302
43.6560,0.0083
43.6600,0.0202
43.6640,-0.0038
43.6680,0.0027
43.6720,0.0114
43.6760,-0.0009
43.6800,0.0065
43.6840,0.0406
43.6880,0.0256
43.6920,0.0340
43.6960,0.0281
43.7000,0.0154
43.7040,0.0260
43.7080,0.0330
43.7120,0.0606
43.7160,0.0677
43.7200,0.0876
43.7240,0.1227
43.7280,0.0708
43.7320,0.0993
43.7360,0.1298
43.7400,0.1366
43.7440,0.1791
43.7480,0.1742
43.7520,0.2156
43.7560,0.1788
43.7600,0.2479
43.7640,0.2190
43.7680,0.2628
43.7720,0.2608
43.7760,0.2862
43.7800,0.2881
43.7840,0.2950
43.7880,0.2841
43.7920,0.2869
43.7960,0.2969
43.8000,0.3029
43.8040,0.2946
43.8080,0.2839
43.8120,0.2286
43.8160,0.2339
43.8200,0.2631
43.8240,0.2930
43.8280,0.2174
43.8320,0.1889
43.8360,0.1890
43.8400,0.1783
43.8440,0.1786
43.8480,0.1326
43.8520,0.1079
43.8560,0.0690
43.8600,0.1076
43.8640,0.0947
43.8680,0.0512
43.8720,0.0246
43.8760,0.0375
43.8800,0.0475
43.8840,0.0324
43.8880,0.0167
43.8920,0.0185
43.8960,-0.0046
43.9000,0.0152
43.9040,0.0342
43.9080,0.0195
43.9120,0.0156
43.9160,-0.0127
43.9200,0.0135
43.9240,0.0206
43.9280,-0.0081
43.9320,-0.0108
43.9360,-0.0119
43.9400,-0.0093
43.9440,0.0000
43.9480,-0.0149
43.9520,-0.0273
43.9560,0.0189
43.9600,-0.0053
43.9640,-0.0008
43.9680,0.0024
43.9720,0.0207
43.9760,-0.0311
43.9800,-0.0101
43.9840,-0.0090
43.9880,-0.0009
43.9920,-0.0269
43.9960,0.0014
44.0000,-0.0117
44.0040,-0.0049
44.0080,0.0218
44.0120,-0.0192
44.0160,-0.0316
44.0200,-0.0132
44.0240,-0.0119
44.0280,0.0034
44.0320,0.0058
44.0360,-0.0104
44.0400,0.0100
44.0440,0.0277
44.0480,0.0123
44.0520,-0.0040
44.0560,-0.0355
44.0600,-0.0045
44.0640,-0.0143
44.0680,0.0048
44.0720,-0.0351
44.0760,-0.0256
44.0800,-0.0367
44.0840,-0.0184
44.0880,-0.0241
44.0920,-0.0011
44.0960,-0.0589
44.1000,0.0066
44.1040,0.0159
44.1080,-0.0004
44.1120,-0.0460
44.1160,0.0112
44.1200,-0.0148
44.1240,-0.0040
44.1280,-0.0192
44.1320,-0.0346
44.1360,-0.0316
44.1400,-0.0255
44.1440,-0.0061
44.1480,-0.0360
44.1520,0.0007
44.1560,-0.0046
44.1600,-0.0333
44.1640,-0.0190
44.1680,-0.0220
44.1720,-0.0155
44.1760,-0.0118
44.1800,-0.0267
44.1840,-0.0052
44.1880,-0.0010
44.1920,-0.0378
44.1960,-0.0369
44.2000,-0.0246
44.2040,-0.0146
44.2080,-0.0035
44.2120,-0.0139
44.2160,-0.0222
44.2200,-0.0299
44.2240,0.0100
44.2280,-0.0269
44.2320,-0.0214
44.2360,-0.0208
44.2400,0.0230
44.2440,0.0288
44.2480,0.0251
44.2520,0.0503
44.2560,0.0505
44.2600,0.0852
44.2640,0.0921
44.2680,0.0972
44.2720,0.0923
44.2760,0.0756
44.2800,0.0950
44.2840,0.0543
44.2880,0.0845
44.2920,0.0505
44.2960,0.0552
44.3000,0.0722
44.3040,0.0225
44.3080,0.0181
44.3120,-0.0092
44.3160,-0.0373
44.3200,-0.0037
44.3240,-0.0219
44.3280,-0.0272
44.3320,-0.0258
44.3360,-0.0390
44.3400,0.0082
44.3440,-0.0080
44.3480,-0.0241
44.3520,-0.0469
44.3560,-0.0516
44.3600,-0.0198
44.3640,-0.0172
44.3680,-0.0573
44.3720,-0.0430
44.3760,-0.0291
44.3800,-0.0550
44.3840,-0.0415
44.3880,-0.0594
44.3920,-0.0758
44.3960,-0.1014
44.4000,-0.1400
44.4040,-0.0897
44.4080,-0.0525
44.4120,0.0057
44.4160,0.0974
44.4200,0.2969
44.4240,0.5238
44.4280,0.7683
44.4320,0.9080
44.4360,0.9366
44.4400,0.8427
44.4440,0.5959
44.4480,0.3222
44.4520,0.1024
44.4560,-0.0644
44.4600,-0.2018
44.4640,-0.2452
44.4680,-0.2432
44.4720,-0.2152
44.4760,-0.1338
44.4800,-0.0904
44.4840,-0.0869
44.4880,-0.0407
44.4920,-0.0522
44.4960,-0.0625
44.5000,-0.0343
44.5040,-0.0306
44.5080,-0.0210
44.5120,-0.0090
44.5160,-0.0611
44.5200,-0.0371
44.5240,-0.0415
44.5280,-0.0471
44.5320,-0.0652
44.5360,-0.0509
44.5400,-0.0368
44.5440,-0.0495
44.5480,-0.0504
44.5520,-0.0413
44.5560,-0.0440
44.5600,-0.0432
44.5640,-0.0308
44.5680,-0.0375
44.5720,-0.0426
44.5760,-0.0343
44.5800,-0.0375
44.5840,-0.0071
44.5880,-0.0117
44.5920,-0.0435
44.5960,-0.0603
44.6000,-0.0330
44.6040,-0.0238
44.6080,0.0131
44.6120,-0.0140
44.6160,-0.0013
44.6200,0.0236
44.6240,0.0527
44.6280,0.0454
44.6320,0.0635
44.6360,0.1012
44.6400,0.0896
44.6440,0.1300
44.6480,0.1362
44.6520,0.1396
44.6560,0.1518
44.6600,0.1918
44.6640,0.2027
44.6680,0.2257
44.6720,0.1965
44.6760,0.2210
44.6800,0.2400
44.6840,0.2659
44.6880,0.2443
44.6920,0.2184
44.6960,0.2114
44.7000,0.2277
44.7040,0.2384
44.7080,0.2230
44.7120,0.2118
44.7160,0.1704
44.7200,0.1778
44.7240,0.1910
44.7280,0.1541
44.7320,0.1155
44.7360,0.0915
44.7400,0.1097
44.7440,0.0990
44.7480,0.0640
44.7520,0.0460
44.7560,0.0388
44.7600,-0.0131
44.7640,0.0149
44.7680,0.0202
44.7720,-0.0073
44.7760,-0.0100
44.7800,-0.0469
44.7840,-0.0305
44.7880,-0.0100
44.7920,-0.0605
44.7960,-0.0498
44.8000,-0.0449
44.8040,-0.0433
44.8080,-0.0547
44.8120,-0.0474
44.8160,-0.0675
44.8200,-0.0586
44.8240,-0.0418
44.8280,-0.0539
44.8320,-0.0835
44.8360,-0.0507
44.8400,-0.0714
44.8440,-0.0296
44.8480,-0.0688
44.8520,-0.0639
44.8560,-0.0741
44.8600,-0.0558
44.8640,-0.0701
44.8680,-0.0702
44.8720,-0.0669
44.8760,-0.0863
44.8800,-0.0623
44.8840,-0.0537
44.8880,-0.0385
44.8920,-0.0587
44.8960,-0.1143
44.9000,-0.0962
44.9040,-0.0303
44.9080,-0.0912
44.9120,-0.0883
44.9160,-0.0687
44.9200,-0.0735
44.9240,-0.0361
44.9280,-0.0573
44.9320,-0.0930
44.9360,-0.0810
44.9400,-0.0550
44.9440,-0.0665
44.9480,-0.0541
44.9520,-0.0376
44.9560,-0.0716
44.9600,-0.0725
44.9640,-0.0547
44.9680,-0.0821
44.9720,-0.0821
44.9760,-0.1017
44.9800,-0.0863
44.9840,-0.0802
44.9880,-0.0560
44.9920,-0.0576
44.9960,-0.0946
45.0000,-0.0716
45.0040,-0.0744
45.0080,-0.0836
45.0120,-0.0453
45.0160,-0.0783
45.0200,-0.0561
45.0240,-0.0709
45.0280,-0.0952
45.0320,-0.1188
45.0360,-0.0647
45.0400,-0.0848
45.0440,-0.0692
45.0480,-0.0860
45.0520,-0.0701
45.0560,-0.0896
45.0600,-0.0688
45.0640,-0.0648
45.0680,-0.0957
45.0720,-0.0682
45.0760,-0.0932
45.0800,-0.0537
45.0840,-0.0828
45.0880,-0.0718
45.0920,-0.0769
45.0960,-0.0879
45.1000,-0.0630
45.1040,-0.0782
45.1080,-0.0774
45.1120,-0.0760
45.1160,-0.0802
45.1200,-0.0902
45.1240,-0.0492
45.1280,-0.0433
45.1320,-0.0773
45.1360,-0.0717
45.1400,-0.0700
45.1440,-0.0325
45.1480,-0.0430
45.1520,-0.0257
45.1560,-0.0339
45.1600,0.0043
45.1640,0.0158
45.1680,0.0401
45.1720,0.0361
45.1760,0.0257
45.1800,0.0103
45.1840,0.0561
45.1880,0.0065
45.1920,-0.0059
45.1960,-0.0406
45.2000,0.0039
45.2040,-0.0034
45.2080,-0.0521
45.2120,-0.0695
45.2160,-0.0685
45.2200,-0.0647
45.2240,-0.0510
45.2280,-0.0838
45.2320,-0.0708
45.2360,-0.0781
45.2400,-0.0704
45.2440,-0.0879
45.2480,-0.0829
45.2520,-0.0898
45.2560,-0.0740
45.2600,-0.0858
45.2640,-0.0759
45.2680,-0.0605
45.2720,-0.0838
45.2760,-0.0870
45.2800,-0.0586
45.2840,-0.0625
45.2880,-0.0906
45.2920,-0.1336
45.2960,-0.2092
45.3000,-0.1852
45.3040,-0.1443
45.3080,-0.1598
45.3120,-0.0367
45.3160,0.0610
45.3200,0.2069
45.3240,0.4535
45.3280,0.6931
45.3320,0.8578
45.3360,0.9074
45.3400,0.8093
45.3440,0.5944
45.3480,0.3311
45.3520,0.1055
45.3560,-0.1101
45.3600,-0.2408
45.3640,-0.2851
45.3680,-0.2735
45.3720,-0.2990
45.3760,-0.2043
45.3800,-0.1570
45.3840,-0.1137
45.3880,-0.0691
45.3920,-0.1217
45.3960,-0.1212
45.4000,-0.0720
45.4040,-0.1084
45.4080,-0.0897
45.4120,-0.0979
45.4160,-0.0883
45.4200,-0.1086
45.4240,-0.0926
45.4280,-0.0877
45.4320,-0.0741
45.4360,-0.0736
45.4400,-0.1053
45.4440,-0.1039
45.4480,-0.1020
45.4520,-0.0904
45.4560,-0.0894
45.4600,-0.0759
45.4640,-0.0733
45.4680,-0.0758
45.4720,-0.0814
45.4760,-0.0734
45.4800,-0.0724
45.4840,-0.0683
45.4880,-0.0760
45.4920,-0.0866
45.4960,-0.0703
45.5000,-0.0634
45.5040,-0.0371
45.5080,-0.0383
45.5120,-0.0201
45.5160,0.0203
45.5200,-0.0250
45.5240,0.0087
45.5280,0.0205
45.5320,0.0331
45.5360,0.0753
45.5400,0.0691
45.5440,0.0844
45.5480,0.0902
45.5520,0.1289
45.5560,0.1368
45.5600,0.1609
45.5640,0.1839
45.5680,0.2077
45.5720,0.1853
45.5760,0.2167
45.5800,0.2285
45.5840,0.1880
45.5880,0.2209
45.5920,0.2042
45.5960,0.1897
45.6000,0.1917
45.6040,0.2029
45.6080,0.1759
45.6120,0.1369
45.6160,0.0993
45.6200,0.1566
45.6240,0.1017
45.6280,0.1192
45.6320,0.0368
45.6360,0.0294
45.6400,0.0175
45.6440,0.0107
45.6480,-0.0062
45.6520,-0.0267
45.6560,-0.0249
45.6600,-0.0263
45.6640,-0.0299
45.6680,-0.0455
45.6720,-0.0775
45.6760,-0.0794
45.6800,-0.0606
45.6840,-0.0608
45.6880,-0.0958
45.6920,-0.0794
45.6960,-0.1027
45.7000,-0.0688
45.7040,-0.0685
45.7080,-0.0995
45.7120,-0.0859
45.7160,-0.0699
45.7200,-0.0941
45.7240,-0.0876
45.7280,-0.0551
45.7320,-0.1090
45.7360,-0.0847
45.7400,-0.0845
45.7440,-0.0549
45.7480,-0.0931
45.7520,-0.0909
45.7560,-0.1097
45.7600,-0.0734
45.7640,-0.0637
45.7680,-0.0671
45.7720,-0.1044
45.7760,-0.0878
45.7800,-0.1133
45.7840,-0.0542
45.7880,-0.1067
45.7920,-0.1021
45.7960,-0.1043
45.8000,-0.0999
45.8040,-0.0599
45.8080,-0.1155
45.8120,-0.1141
45.8160,-0.0849
45.8200,-0.0912
45.8240,-0.0906
45.8280,-0.1015
45.8320,-0.0995
45.8360,-0.0881
45.8400,-0.0932
45.8440,-0.0481
45.8480,-0.0886
45.8520,-0.1001
45.8560,-0.0823
45.8600,-0.0808
45.8640,-0.0968
45.8680,-0.0954
45.8720,-0.0508
45.8760,-0.1019
45.8800,-0.0964
45.8840,-0.0755
45.8880,-0.0947
45.8920,-0.0884
45.8960,-0.1158
45.9000,-0.0787
45.9040,-0.0927
45.9080,-0.0507
45.9120,-0.1061
45.9160,-0.0825
45.9200,-0.1081
45.9240,-0.0803
45.9280,-0.0987
45.9320,-0.0848
45.9360,-0.0988
45.9400,-0.0768
45.9440,-0.0754
45.9480,-0.0951
45.9520,-0.1099
45.9560,-0.0908
45.9600,-0.0629
45.9640,-0.0518
45.9680,-0.0550
45.9720,-0.0783
45.9760,-0.1175
45.9800,-0.0664
45.9840,-0.0700
45.9880,-0.0496
45.9920,-0.0818
45.9960,-0.0396
46.0000,-0.0348
46.0040,-0.0209
46.0080,-0.0188
46.0120,0.0067
46.0160,0.0190
46.0200,0.0339
46.0240,0.0244
46.0280,0.0618
46.0320,0.0270
46.0360,0.0104
46.0400,0.0412
46.0440,0.0195
46.0480,0.0033
46.0520,-0.0182
46.0560,-0.0172
46.0600,-0.0443
46.0640,-0.0449
46.0680,-0.0684
46.0720,-0.0647
46.0760,-0.0969
46.0800,-0.0639
46.0840,-0.0353
46.0880,-0.0592
46.0920,-0.0732
46.0960,-0.0771
46.1000,-0.1020
46.1040,-0.0786
46.1080,-0.0697
46.1120,-0.0948
46.1160,-0.0733
46.1200,-0.0753
46.1240,-0.0745
46.1280,-0.0710
46.1320,-0.1423
46.1360,-0.1220
46.1400,-0.1692
46.1440,-0.1532
46.1480,-0.0931
46.1520,-0.0825
46.1560,0.0088
46.1600,0.1475
46.1640,0.3547
46.1680,0.5912
46.1720,0.8132
46.1760,0.9095
46.1800,0.9240
46.1840,0.7289
46.1880,0.4851
46.1920,0.2032
46.1960,-0.0341
46.2000,-0.1682
46.2040,-0.2508
46.2080,-0.2377
46.2120,-0.2390
46.2160,-0.1962
46.2200,-0.1380
46.2240,-0.0987
46.2280,-0.1033
46.2320,-0.0576
46.2360,-0.0874
46.2400,-0.0491
46.2440,-0.0566
46.2480,-0.0214
46.2520,-0.0954
46.2560,-0.0865
46.2600,-0.0529
46.2640,-0.0631
46.2680,-0.0646
46.2720,-0.0557
46.2760,-0.0588
46.2800,-0.0546
46.2840,-0.0636
46.2880,-0.0582
46.2920,-0.0741
46.2960,-0.0950
46.3000,-0.0645
46.3040,-0.0183
46.3080,-0.0458
46.3120,-0.0572
46.3160,-0.0459
46.3200,-0.0594
46.3240,-0.0042
46.3280,-0.0189
46.3320,-0.0287
46.3360,-0.0075
46.3400,0.0012
46.3440,-0.0017
46.3480,0.0089
46.3520,0.0128
46.3560,0.0412
46.3600,0.0677
46.3640,0.1073
46.3680,0.0862
46.3720,0.1151
46.3760,0.1505
46.3800,0.1698
46.3840,0.1929
46.3880,0.1836
46.3920,0.1842
46.3960,0.2233
46.4000,0.2284
46.4040,0.2499
46.4080,0.2587
46.4120,0.2386
46.4160,0.2264
46.4200,0.2483
46.4240,0.2589
46.4280,0.2276
46.4320,0.2257
46.4360,0.2056
46.4400,0.1677
46.4440,0.1956
46.4480,0.1680
46.4520,0.1500
46.4560,0.1254
46.4600,0.0910
46.4640,0.1207
46.4680,0.0681
46.4720,0.0557
46.4760,-0.0084
46.4800,0.0339
46.4840,0.0240
46.4880,0.0229
46.4920,-0.0235
46.4960,-0.0330
46.5000,-0.0102
46.5040,0.0136
46.5080,-0.0222
46.5120,-0.0301
46.5160,-0.0464
46.5200,-0.0226
46.5240,-0.0225
46.5280,-0.0287
46.5320,-0.0751
46.5360,-0.0623
46.5400,-0.0229
46.5440,-0.0500
46.5480,-0.0465
46.5520,-0.0278
46.5560,-0.0423
46.5600,-0.0469
46.5640,-0.0510
46.5680,-0.0139
46.5720,-0.0373
46.5760,-0.0242
46.5800,-0.0360
46.5840,-0.0373
46.5880,-0.0235
46.5920,-0.0486
46.5960,-0.0534
46.6000,-0.0422
46.6040,0.0038
46.6080,-0.0494
46.6120,-0.0385
46.6160,-0.0325
46.6200,-0.0591
46.6240,-0.0219
46.6280,-0.0139
46.6320,-0.0360
46.6360,-0.0188
46.6400,-0.0219
46.6440,-0.0176
46.6480,-0.0074
46.6520,-0.0486
46.6560,-0.0275
46.6600,-0.0094
46.6640,-0.0207
46.6680,-0.0269
46.6720,-0.0160
46.6760,-0.0077
46.6800,-0.0052
46.6840,-0.0077
46.6880,-0.0237
46.6920,-0.0254
46.6960,-0.0157
46.7000,-0.0193
46.7040,0.0025
46.7080,-0.0216
46.7120,-0.0131
46.7160,-0.0056
46.7200,-0.0212
46.7240,-0.0214
46.7280,-0.0014
46.7320,-0.0306
46.7360,-0.0165
46.7400,0.0221
46.7440,0.0041
46.7480,0.0231
46.7520,0.0333
46.7560,0.0466
46.7600,0.0565
46.7640,0.0726
46.7680,0.0600
46.7720,0.0604
46.7760,0.0837
46.7800,0.1227
46.7840,0.1121
46.7880,0.1409
46.7920,0.1033
46.7960,0.1119
46.8000,0.1053
46.8040,0.0850
46.8080,0.0877
46.8120,0.0547
46.8160,0.0218
46.8200,0.0447
46.8240,0.0372
46.8280,0.0251
46.8320,0.0270
46.8360,-0.0007
46.8400,0.0117
46.8440,0.0014
46.8480,0.0106
46.8520,0.0028
46.8560,-0.0005
46.8600,0.0119
46.8640,-0.0052
46.8680,0.0210
46.8720,-0.0279
46.8760,0.0048
46.8800,0.0016
46.8840,0.0287
46.8880,0.0196
46.8920,-0.0007
46.8960,-0.0224
46.9000,-0.0428
46.9040,-0.0428
46.9080,-0.0659
46.9120,-0.0481
46.9160,-0.0566
46.9200,0.0244
46.9240,0.1559
46.9280,0.2948
46.9320,0.5298
46.9360,0.7433
46.9400,0.9262
46.9440,1.0162
46.9480,0.9369
46.9520,0.7036
46.9560,0.4468
46.9600,0.2134
46.9640,0.0377
46.9680,-0.1259
46.9720,-0.1804
46.9760,-0.2007
46.9800,-0.1557
46.9840,-0.1031
46.9880,-0.0464
46.9920,-0.0230
46.9960,0.0135
47.0000,0.0337
47.0040,0.0490
47.0080,0.0456
47.0120,0.0272
47.0160,0.0272
47.0200,0.0327
47.0240,0.0323
47.0280,0.0411
47.0320,0.0181
47.0360,0.0366
47.0400,0.0188
47.0440,0.0394
47.0480,0.0417
47.0520,0.0227
47.0560,0.0062
47.0600,0.0366
47.0640,0.0629
47.0680,0.0632
47.0720,0.0279
47.0760,0.0392
47.0800,0.0437
47.0840,0.0278
47.0880,0.0320
47.0920,0.0530
47.0960,0.0610
47.1000,0.0627
47.1040,0.0867
47.1080,0.0847
47.1120,0.0624
47.1160,0.0881
47.1200,0.1346
47.1240,0.1159
47.1280,0.1147
47.1320,0.1537
47.1360,0.1484
47.1400,0.1854
47.1440,0.2139
47.1480,0.2452
47.1520,0.2170
47.1560,0.2355
47.1600,0.2526
47.1640,0.2726
47.1680,0.3150
47.1720,0.2866
47.1760,0.3259
47.1800,0.3469
47.1840,0.3683
47.1880,0.3475
47.1920,0.3774
47.1960,0.3245
47.2000,0.3269
47.2040,0.3485
47.2080,0.3404
47.2120,0.3231
47.2160,0.3138
47.2200,0.3020
47.2240,0.3009
47.2280,0.2951
47.2320,0.2570
47.2360,0.2233
47.2400,0.2093
47.2440,0.2142
47.2480,0.1969
47.2520,0.1673
47.2560,0.1537
47.2600,0.1407
47.2640,0.1335
47.2680,0.1261
47.2720,0.1216
47.2760,0.1062
47.2800,0.1194
47.2840,0.1099
47.2880,0.1099
47.2920,0.0969
47.2960,0.0662
47.3000,0.0830
47.3040,0.1136
47.3080,0.0825
47.3120,0.0602
47.3160,0.0609
47.3200,0.0730
47.3240,0.0555
47.3280,0.0641
47.3320,0.0678
47.3360,0.0743
47.3400,0.0598
47.3440,0.0300
47.3480,0.1101
47.3520,0.0514
47.3560,0.0691
47.3600,0.0868
47.3640,0.0928
47.3680,0.0861
47.3720,0.0699
47.3760,0.0747
47.3800,0.0917
47.3840,0.0916
47.3880,0.0795
47.3920,0.0463
47.3960,0.0476
47.4000,0.0899
47.4040,0.0921
47.4080,0.0838
47.4120,0.0726
47.4160,0.0674
47.4200,0.0990
47.4240,0.1218
47.4280,0.0846
47.4320,0.0946
47.4360,0.0504
47.4400,0.0885
47.4440,0.0919
47.4480,0.0952
47.4520,0.0565
47.4560,0.0492
47.4600,0.0778
47.4640,0.0913
47.4680,0.0937
47.4720,0.0813
47.4760,0.0924
47.4800,0.0884
47.4840,0.1045
47.4880,0.0908
47.4920,0.0681
47.4960,0.0650
47.5000,0.0967
47.5040,0.0941
47.5080,0.1262
47.5120,0.0927
47.5160,0.0748
47.5200,0.1169
47.5240,0.0984
47.5280,0.1154
47.5320,0.1197
47.5360,0.0765
47.5400,0.1066
47.5440,0.1205
47.5480,0.1190
47.5520,0.1000
47.5560,0.0630
47.5600,0.0818
47.5640,0.0969
47.5680,0.0932
47.5720,0.0678
47.5760,0.1198
47.5800,0.0904
47.5840,0.1200
47.5880,0.1091
47.5920,0.1369
47.5960,0.1152
47.6000,0.1555
47.6040,0.1759
47.6080,0.1717
47.6120,0.1736
47.6160,0.1833
47.6200,0.2066
47.6240,0.2079
47.6280,0.2373
47.6320,0.2151
47.6360,0.1601
47.6400,0.2438
47.6440,0.2252
47.6480,0.2026
47.6520,0.2134
47.6560,0.1789
47.6600,0.1655
47.6640,0.1746
47.6680,0.1608
47.6720,0.1244
47.6760,0.1444
47.6800,0.0957
47.6840,0.1136
47.6880,0.1294
47.6920,0.1035
47.6960,0.1085
47.7000,0.0920
47.7040,0.0953
47.7080,0.1214
47.7120,0.0948
47.7160,0.0970
47.7200,0.1051
47.7240,0.1007
47.7280,0.0911
47.7320,0.1108
47.7360,0.0945
47.7400,0.1237
47.7440,0.0934
47.7480,0.0861
47.7520,0.0760
47.7560,0.0546
47.7600,0.0345
47.7640,0.0288
47.7680,0.0747
47.7720,0.1034
47.7760,0.2146
47.7800,0.3431
47.7840,0.5683
47.7880,0.7978
47.7920,1.0246
47.7960,1.1046
47.8000,1.0512
47.8040,0.9114
47.8080,0.6458
47.8120,0.3752
47.8160,0.1657
47.8200,0.0194
47.8240,-0.0446
47.8280,-0.1054
47.8320,-0.0506
47.8360,-0.0375
47.8400,0.0468
47.8440,0.1062
47.8480,0.0932
47.8520,0.0973
47.8560,0.1133
47.8600,0.1430
47.8640,0.1209
47.8680,0.1013
47.8720,0.1143
47.8760,0.1167
47.8800,0.1209
47.8840,0.1337
47.8880,0.1495
47.8920,0.1133
47.8960,0.1325
47.9000,0.1394
47.9040,0.1248
47.9080,0.1382
47.9120,0.1217
47.9160,0.1392
47.9200,0.1509
47.9240,0.1451
47.9280,0.1269
47.9320,0.1244
47.9360,0.1323
47.9400,0.1399
47.9440,0.1466
47.9480,0.1424
47.9520,0.1378
47.9560,0.1367
47.9600,0.1667
47.9640,0.1609
47.9680,0.1858
47.9720,0.1801
47.9760,0.1743
47.9800,0.1902
47.9840,0.1895
47.9880,0.2470
47.9920,0.2486
47.9960,0.2421
48.0000,0.2708
48.0040,0.2738
48.0080,0.3112
48.0120,0.3068
48.0160,0.3554
48.0200,0.3489
48.0240,0.3646
48.0280,0.4137
48.0320,0.3861
48.0360,0.3945
48.0400,0.3923
48.0440,0.4037
48.0480,0.4372
48.0520,0.4335
48.0560,0.4174
48.0600,0.4398
48.0640,0.4198
48.0680,0.4172
48.0720,0.4124
48.0760,0.3782
48.0800,0.4055
48.0840,0.3834
48.0880,0.3726
48.0920,0.3123
48.0960,0.2933
48.1000,0.3194
48.1040,0.3293
48.1080,0.2825
48.1120,0.2803
48.1160,0.2447
48.1200,0.2187
48.1240,0.2298
48.1280,0.1839
48.1320,0.1971
48.1360,0.1589
48.1400,0.1915
48.1440,0.1769
48.1480,0.1857
48.1520,0.1360
48.1560,0.1360
48.1600,0.1448
48.1640,0.1581
48.1680,0.1681
48.1720,0.1296
48.1760,0.1369
48.1800,0.1337
48.1840,0.1771
48.1880,0.1327
48.1920,0.1373
48.1960,0.1498
48.2000,0.1300
48.2040,0.1444
48.2080,0.1515
48.2120,0.1345
48.2160,0.1452
48.2200,0.1226
48.2240,0.1224
48.2280,0.1622
48.2320,0.1513
48.2360,0.1341
48.2400,0.1563
48.2440,0.1602
48.2480,0.1388
48.2520,0.1218
48.2560,0.1202
48.2600,0.1246
48.2640,0.1314
48.2680,0.1300
48.2720,0.1295
48.2760,0.1240
48.2800,0.1646
48.2840,0.1464
48.2880,0.1369
48.2920,0.1481
48.2960,0.0980
48.3000,0.1148
48.3040,0.1532
48.3080,0.1363
48.3120,0.1320
48.3160,0.1160
48.3200,0.1230
48.3240,0.1481
48.3280,0.1388
48.3320,0.1273
48.3360,0.1563
48.3400,0.1493
48.3440,0.1784
48.3480,0.1478
48.3520,0.1267
48.3560,0.1382
48.3600,0.1554
48.3640,0.1623
48.3680,0.1311
48.3720,0.1183
48.3760,0.1277
48.3800,0.1407
48.3840,0.1582
48.3880,0.1370
48.3920,0.1035
48.3960,0.1114
48.4000,0.1195
48.4040,0.1345
48.4080,0.1485
48.4120,0.1332
48.4160,0.1196
48.4200,0.1499
48.4240,0.1536
48.4280,0.1463
48.4320,0.1356
48.4360,0.1359
48.4400,0.1298
48.4440,0.1586
48.4480,0.1422
48.4520,0.1477
48.4560,0.1165
48.4600,0.1398
48.4640,0.1632
48.4680,0.1377
48.4720,0.1136
48.4760,0.1119
48.4800,0.1353
48.4840,0.1299
48.4880,0.1438
48.4920,0.1296
48.4960,0.1510
48.5000,0.1430
48.5040,0.1646
48.5080,0.1543
48.5120,0.1314
48.5160,0.1567
48.5200,0.1809
48.5240,0.1914
48.5280,0.2210
48.5320,0.2169
48.5360,0.2004
48.5400,0.2098
48.5440,0.2302
48.5480,0.2532
48.5520,0.2370
48.5560,0.2206
48.5600,0.2331
48.5640,0.2430
48.5680,0.2330
48.5720,0.2223
48.5760,0.1452
48.5800,0.1539
48.5840,0.1911
48.5880,0.1474
48.5920,0.1306
48.5960,0.1160
48.6000,0.1069
48.6040,0.1504
48.6080,0.0921
48.6120,0.1463
48.6160,0.0895
48.6200,0.0949
48.6240,0.1170
48.6280,0.1359
48.6320,0.1284
48.6360,0.1057
48.6400,0.1092
48.6440,0.1296
48.6480,0.1371
48.6520,0.1201
48.6560,0.0752
48.6600,0.0771
48.6640,0.0565
48.6680,0.0068
48.6720,0.0051
48.6760,0.0375
48.6800,0.0637
48.6840,0.1317
48.6880,0.2291
48.6920,0.3283
48.6960,0.4669
48.7000,0.7515
48.7040,0.9622
48.7080,1.1247
48.7120,1.0618
48.7160,0.8901
48.7200,0.6447
48.7240,0.4226
48.7280,0.1897
48.7320,0.0422
48.7360,-0.0888
48.7400,-0.1010
48.7440,-0.0712
48.7480,-0.0534
48.7520,-0.0020
48.7560,0.0540
48.7600,0.0959
48.7640,0.1033
48.7680,0.1237
48.7720,0.0812
48.7760,0.1259
48.7800,0.1094
48.7840,0.1232
48.7880,0.1073
48.7920,0.1044
48.7960,0.0945
48.8000,0.1063
48.8040,0.1133
48.8080,0.1132
48.8120,0.0870
48.8160,0.0809
48.8200,0.0985
48.8240,0.1165
48.8280,0.1027
48.8320,0.0906
48.8360,0.0581
48.8400,0.1164
48.8440,0.1326
48.8480,0.1093
48.8520,0.1180
48.8560,0.1151
48.8600,0.1114
48.8640,0.1111
48.8680,0.1352
48.8720,0.1237
48.8760,0.1336
48.8800,0.1266
48.8840,0.1362
48.8880,0.1502
48.8920,0.1571
48.8960,0.1724
48.9000,0.1936
48.9040,0.1889
48.9080,0.2257
48.9120,0.2265
48.9160,0.2102
48.9200,0.2621
48.9240,0.2816
48.9280,0.2981
48.9320,0.3176
48.9360,0.3267
48.9400,0.3619
48.9440,0.3657
48.9480,0.3635
48.9520,0.3840
48.9560,0.3682
48.9600,0.3985
48.9640,0.4141
48.9680,0.3967
48.9720,0.3417
48.9760,0.3399
48.9800,0.3582
48.9840,0.3367
48.9880,0.3399
48.9920,0.3154
48.9960,0.2961
49.0000,0.2897
49.0040,0.2876
49.0080,0.2423
49.0120,0.2314
49.0160,0.2174
49.0200,0.1908
49.0240,0.1910
49.0280,0.1352
49.0320,0.1617
49.0360,0.1357
49.0400,0.1247
49.0440,0.1211
49.0480,0.1362
49.0520,0.0907
49.0560,0.0736
49.0600,0.0929
49.0640,0.1140
49.0680,0.0831
49.0720,0.1047
49.0760,0.0548
49.0800,0.0541
49.0840,0.0755
49.0880,0.0227
49.0920,0.0417
49.0960,0.0614
49.1000,0.0566
49.1040,0.0653
49.1080,0.0822
49.1120,0.0334
49.1160,0.0527
49.1200,0.0898
49.1240,0.0462
49.1280,0.0643
49.1320,0.0671
49.1360,0.0430
49.1400,0.0514
49.1440,0.0695
49.1480,0.0378
49.1520,0.0283
49.1560,0.0340
49.1600,0.0235
49.1640,0.0516
49.1680,0.0567
49.1720,0.0415
49.1760,0.0349
49.1800,0.0261
49.1840,0.0496
49.1880,0.0386
49.1920,0.0282
49.1960,0.0168
49.2000,0.0445
49.2040,0.0702
49.2080,0.0302
49.2120,0.0280
49.2160,0.0582
49.2200,0.0232
49.2240,0.0686
49.2280,0.0535
49.2320,0.0616
49.2360,0.0349
49.2400,0.0485
49.2440,0.0662
49.2480,0.0418
49.2520,0.0180
49.2560,0.0310
49.2600,0.0138
49.2640,0.0293
49.2680,0.0525
49.2720,0.0341
49.2760,-0.0010
49.2800,0.0658
49.2840,0.0426
49.2880,0.0518
49.2920,0.0308
49.2960,-0.0096
49.3000,0.0417
49.3040,0.0095
49.3080,0.0227
49.3120,0.0249
49.3160,0.0189
49.3200,0.0232
49.3240,0.0423
49.3280,-0.0032
49.3320,0.0238
49.3360,0.0071
49.3400,0.0203
49.3440,0.0313
49.3480,0.0331
49.3520,0.0038
49.3560,0.0068
49.3600,0.0195
49.3640,0.0076
49.3680,0.0149
49.3720,0.0244
49.3760,0.0346
49.3800,0.0291
49.3840,0.0693
49.3880,0.0194
49.3920,0.0025
49.3960,0.0312
49.4000,0.0593
49.4040,0.0722
49.4080,0.0481
49.4120,0.0587
49.4160,0.0757
49.4200,0.0980
49.4240,0.1587
49.4280,0.1054
49.4320,0.1222
49.4360,0.1035
49.4400,0.1305
49.4440,0.1358
49.4480,0.1066
49.4520,0.0875
49.4560,0.0789
49.4600,0.0721
49.4640,0.0864
49.4680,0.0489
49.4720,0.0412
49.4760,0.0078
49.4800,0.0066
49.4840,0.0101
49.4880,0.0070
49.4920,-0.0117
49.4960,-0.0069
49.5000,-0.0027
49.5040,-0.0074
49.5080,0.0097
49.5120,-0.0308
49.5160,0.0221
49.5200,0.0131
49.5240,-0.0124
49.5280,0.0052
49.5320,-0.0164
49.5360,-0.0210
49.5400,-0.0071
49.5440,-0.0425
49.5480,-0.0704
49.5520,-0.0889
49.5560,-0.1346
49.5600,-0.0887
49.5640,-0.0674
49.5680,-0.0042
49.5720,0.0634
49.5760,0.1923
49.5800,0.3965
49.5840,0.6447
49.5880,0.8707
49.5920,0.9780
49.5960,0.9376
49.6000,0.7557
49.6040,0.5455
49.6080,0.2940
49.6120,0.0198
49.6160,-0.1067
49.6200,-0.1995
49.6240,-0.2473
49.6280,-0.2167
49.6320,-0.1862
49.6360,-0.1024
49.6400,-0.0824
49.6440,-0.0393
49.6480,-0.0424
49.6520,-0.0447
49.6560,-0.0356
49.6600,-0.0455
49.6640,-0.0360
49.6680,-0.0046
49.6720,-0.0328
49.6760,-0.0459
49.6800,-0.0118
49.6840,-0.0297
49.6880,-0.0335
49.6920,-0.0333
49.6960,-0.0481
49.7000,-0.0426
49.7040,-0.0110
49.7080,-0.0093
49.7120,-0.0236
49.7160,-0.0396
49.7200,-0.0414
49.7240,-0.0121
49.7280,-0.0498
49.7320,-0.0400
49.7360,-0.0438
49.7400,-0.0160
49.7440,-0.0211
49.7480,-0.0181
49.7520,-0.0347
49.7560,-0.0003
49.7600,-0.0043
49.7640,0.0366
49.7680,0.0140
49.7720,-0.0076
49.7760,0.0417
49.7800,0.0335
49.7840,0.1080
49.7880,0.0745
49.7920,0.0836
49.7960,0.0856
49.8000,0.1181
49.8040,0.1421
49.8080,0.1542
49.8120,0.1529
49.8160,0.1864
49.8200,0.1961
49.8240,0.2515
49.8280,0.2276
49.8320,0.2245
49.8360,0.2406
49.8400,0.2218
49.8440,0.2554
49.8480,0.2291
49.8520,0.2111
49.8560,0.2031
49.8600,0.1955
49.8640,0.2022
49.8680,0.1945
49.8720,0.1686
49.8760,0.1499
49.8800,0.1132
49.8840,0.1263
49.8880,0.0990
49.8920,0.0758
49.8960,0.0470
49.9000,0.0411
49.9040,0.0242
49.9080,0.0362
49.9120,-0.0325
49.9160,-0.0240
49.9200,-0.0084
49.9240,-0.0235
49.9280,-0.0280
49.9320,-0.0391
49.9360,-0.0589
49.9400,-0.0707
49.9440,-0.0498
49.9480,-0.0640
49.9520,-0.0905
49.9560,-0.0861
49.9600,-0.0744
49.9640,-0.0471
49.9680,-0.0671
49.9720,-0.0969
49.9760,-0.0788
49.9800,-0.0734
49.9840,-0.0811
49.9880,-0.0834
49.9920,-0.0584
49.9960,-0.1030
50.0000,-0.0791
50.0040,-0.0812
50.0080,-0.0767
50.0120,-0.0822
50.0160,-0.0968
50.0200,-0.0942
50.0240,-0.0712
50.0280,-0.1046
50.0320,-0.0877
50.0360,-0.1290
50.0400,-0.0836
50.0440,-0.0753
50.0480,-0.0918
50.0520,-0.1104
50.0560,-0.0900
50.0600,-0.1008
50.0640,-0.0864
50.0680,-0.0777
50.0720,-0.1127
50.0760,-0.0843
50.0800,-0.1036
50.0840,-0.0569
50.0880,-0.0896
50.0920,-0.0802
50.0960,-0.1015
50.1000,-0.1110
50.1040,-0.0776
50.1080,-0.1125
50.1120,-0.0863
50.1160,-0.1527
50.1200,-0.0950
50.1240,-0.0759
50.1280,-0.0805
50.1320,-0.1254
50.1360,-0.0973
50.1400,-0.0976
50.1440,-0.1307
50.1480,-0.0926
50.1520,-0.0886
50.1560,-0.1398
50.1600,-0.0984
50.1640,-0.0832
50.1680,-0.1191
50.1720,-0.0945
50.1760,-0.1517
50.1800,-0.1068
50.1840,-0.0958
50.1880,-0.0997
50.1920,-0.1257
50.1960,-0.1044
50.2000,-0.1211
50.2040,-0.0873
50.2080,-0.1120
50.2120,-0.1235
50.2160,-0.1169
50.2200,-0.1119
50.2240,-0.1069
50.2280,-0.0956
50.2320,-0.1146
50.2360,-0.1330
50.2400,-0.1347
50.2440,-0.0992
50.2480,-0.1081
50.2520,-0.0812
50.2560,-0.0716
50.2600,-0.0562
50.2640,-0.0289
50.2680,-0.0004
50.2720,-0.0289
50.2760,-0.0268
50.2800,-0.0003
50.2840,-0.0137
50.2880,-0.0010
50.2920,-0.0077
50.2960,-0.0481
50.3000,-0.0408
50.3040,-0.0525
50.3080,-0.0491
50.3120,-0.0991
50.3160,-0.0809
50.3200,-0.0977
50.3240,-0.1098
50.3280,-0.1118
50.3320,-0.1379
50.3360,-0.1186
50.3400,-0.1285
50.3440,-0.0878
50.3480,-0.1402
50.3520,-0.1447
50.3560,-0.1386
50.3600,-0.1075
50.3640,-0.1351
50.3680,-0.1276
50.3720,-0.1540
50.3760,-0.1259
50.3800,-0.1490
50.3840,-0.1377
50.3880,-0.1468
50.3920,-0.1725
50.3960,-0.2261
50.4000,-0.2381
50.4040,-0.2070
50.4080,-0.1685
50.4120,-0.1604
50.4160,-0.0475
50.4200,0.1008
50.4240,0.3132
50.4280,0.5231
50.4320,0.7346
50.4360,0.8302
50.4400,0.8106
50.4440,0.6434
50.4480,0.3563
50.4520,0.1192
50.4560,-0.0849
50.4600,-0.2311
50.4640,-0.3078
50.4680,-0.3668
50.4720,-0.3344
50.4760,-0.2878
50.4800,-0.2265
50.4840,-0.2034
50.4880,-0.1427
50.4920,-0.1595
50.4960,-0.1467
50.5000,-0.1450
50.5040,-0.1324
50.5080,-0.1416
50.5120,-0.1414
50.5160,-0.1564
50.5200,-0.1512
50.5240,-0.1316
50.5280,-0.1347
50.5320,-0.1593
50.5360,-0.1752
50.5400,-0.1324
50.5440,-0.1392
50.5480,-0.1286
50.5520,-0.1467
50.5560,-0.1443
50.5600,-0.1540
50.5640,-0.1416
50.5680,-0.1554
50.5720,-0.1144
50.5760,-0.1220
50.5800,-0.1315
50.5840,-0.1205
50.5880,-0.1130
50.5920,-0.1248
50.5960,-0.1091
50.6000,-0.1002
50.6040,-0.0769
50.6080,-0.0778
50.6120,-0.0626
50.6160,-0.0665
50.6200,-0.0342
50.6240,-0.0094
50.6280,-0.0355
50.6320,0.0163
50.6360,0.0089
50.6400,0.0389
50.6440,0.0501
50.6480,0.0882
50.6520,0.0780
50.6560,0.0961
50.6600,0.1261
50.6640,0.1365
50.6680,0.1679
50.6720,0.1498
50.6760,0.1643
50.6800,0.1490
50.6840,0.1691
50.6880,0.1684
50.6920,0.1200
50.6960,0.1210
50.7000,0.1150
50.7040,0.1229
50.7080,0.0623
50.7120,0.0638
50.7160,0.0313
50.7200,0.0386
50.7240,0.0180
50.7280,-0.0032
50.7320,-0.0343
50.7360,-0.0726
50.7400,-0.0473
50.7440,-0.0675
50.7480,-0.0687
50.7520,-0.1141
50.7560,-0.0973
50.7600,-0.1206
50.7640,-0.0839
50.7680,-0.1141
50.7720,-0.1393
50.7760,-0.1522
50.7800,-0.1470
50.7840,-0.1363
50.7880,-0.1407
50.7920,-0.1346
50.7960,-0.1553
50.8000,-0.1326
50.8040,-0.1373
50.8080,-0.1630
50.8120,-0.1435
50.8160,-0.1708
50.8200,-0.1383
50.8240,-0.1434
50.8280,-0.1058
50.8320,-0.1417
50.8360,-0.1348
50.8400,-0.1361
50.8440,-0.1320
50.8480,-0.1498
50.8520,-0.1584
50.8560,-0.1429
50.8600,-0.1496
50.8640,-0.1444
50.8680,-0.1433
50.8720,-0.1421
50.8760,-0.1554
50.8800,-0.1600
50.8840,-0.1437
50.8880,-0.1451
50.8920,-0.1660
50.8960,-0.1644
50.9000,-0.1089
50.9040,-0.1408
50.9080,-0.1240
50.9120,-0.1511
50.9160,-0.1496
50.9200,-0.1512
50.9240,-0.1318
50.9280,-0.1311
50.9320,-0.1506
50.9360,-0.1361
50.9400,-0.1631
50.9440,-0.1291
50.9480,-0.1651
50.9520,-0.1734
50.9560,-0.1763
50.9600,-0.1313
50.9640,-0.1028
50.9680,-0.1252
50.9720,-0.1506
50.9760,-0.1505
50.9800,-0.1550
50.9840,-0.1529
50.9880,-0.1378
50.9920,-0.1418
50.9960,-0.1422
51.0000,-0.1517
51.0040,-0.1431
51.0080,-0.1447
51.0120,-0.1371
51.0160,-0.1662
51.0200,-0.1410
51.0240,-0.1205
51.0280,-0.1460
51.0320,-0.1414
51.0360,-0.1405
51.0400,-0.1185
51.0440,-0.1017
51.0480,-0.1061
51.0520,-0.1170
51.0560,-0.0905
51.0600,-0.0501
51.0640,-0.0225
51.0680,-0.0332
51.0720,-0.0288
51.0760,-0.0250
51.0800,-0.0416
51.0840,-0.0194
51.0880,-0.0191
51.0920,-0.0488
51.0960,-0.0500
51.1000,-0.0481
51.1040,-0.0559
51.1080,-0.0529
51.1120,-0.0815
51.1160,-0.0832
51.1200,-0.0869
51.1240,-0.1153
51.1280,-0.1309
51.1320,-0.1142
51.1360,-0.1258
51.1400,-0.1034
51.1440,-0.1157
51.1480,-0.0997
51.1520,-0.1251
51.1560,-0.1192
51.1600,-0.1412
51.1640,-0.0964
51.1680,-0.1260
51.1720,-0.1383
51.1760,-0.1534
51.1800,-0.1221
51.1840,-0.1455
51.1880,-0.1495
51.1920,-0.1748
51.1960,-0.2190
51.2000,-0.2131
51.2040,-0.2178
51.2080,-0.1893
51.2120,-0.1404
51.2160,-0.1081
51.2200,0.0185
51.2240,0.2115
51.2280,0.4314
51.2320,0.6689
51.2360,0.8415
51.2400,0.8620
51.2440,0.7273
51.2480,0.4944
51.2520,0.2403
51.2560,-0.0188
51.2600,-0.1802
51.2640,-0.2625
51.2680,-0.3363
51.2720,-0.3538
51.2760,-0.2979
51.2800,-0.2182
51.2840,-0.1519
51.2880,-0.1456
51.2920,-0.1471
51.2960,-0.1343
51.3000,-0.1416
51.3040,-0.1274
51.3080,-0.1242
51.3120,-0.1273
51.3160,-0.1453
51.3200,-0.1317
51.3240,-0.0770
51.3280,-0.1095
51.3320,-0.1151
51.3360,-0.1356
51.3400,-0.1301
51.3440,-0.1206
51.3480,-0.1282
51.3520,-0.1284
51.3560,-0.1298
51.3600,-0.1238
51.3640,-0.0882
51.3680,-0.0978
51.3720,-0.1119
51.3760,-0.1125
51.3800,-0.1435
51.3840,-0.0897
51.3880,-0.0885
51.3920,-0.0877
51.3960,-0.1148
51.4000,-0.0486
51.4040,-0.0293
51.4080,-0.0587
51.4120,-0.0493
51.4160,-0.0485
51.4200,-0.0524
51.4240,-0.0262
51.4280,0.0299
51.4320,0.0158
51.4360,0.0088
51.4400,0.0262
51.4440,0.0660
51.4480,0.1145
51.4520,0.1149
51.4560,0.1196
51.4600,0.1366
51.4640,0.1630
51.4680,0.1861
51.4720,0.1834
51.4760,0.1502
51.4800,0.2212
51.4840,0.2137
51.4880,0.1903
51.4920,0.1995
51.4960,0.1949
51.5000,0.1606
51.5040,0.1650
51.5080,0.1828
51.5120,0.1137
51.5160,0.1247
51.5200,0.0958
51.5240,0.0875
51.5280,0.0702
51.5320,0.0359
51.5360,0.0429
51.5400,0.0279
51.5440,0.0224
51.5480,0.0098
51.5520,-0.0304
51.5560,-0.0405
51.5600,-0.0185
51.5640,-0.0159
51.5680,-0.0590
51.5720,-0.0550
51.5760,-0.0769
51.5800,-0.0714
51.5840,-0.0623
51.5880,-0.0533
51.5920,-0.0859
51.5960,-0.0893
51.6000,-0.0852
51.6040,-0.0811
51.6080,-0.0857
51.6120,-0.0825
51.6160,-0.0929
51.6200,-0.0825
51.6240,-0.0615
51.6280,-0.0570
51.6320,-0.0999
51.6360,-0.0938
51.6400,-0.0591
51.6440,-0.0843
51.6480,-0.0515
51.6520,-0.0852
51.6560,-0.0964
51.6600,-0.0711
51.6640,-0.0673
51.6680,-0.0662
51.6720,-0.0769
51.6760,-0.0924
51.6800,-0.1032
51.6840,-0.1007
51.6880,-0.0374
51.6920,-0.0902
51.6960,-0.0930
51.7000,-0.0749
51.7040,-0.0651
51.7080,-0.0387
51.7120,-0.0598
51.7160,-0.1007
51.7200,-0.0698
51.7240,-0.0720
51.7280,-0.0571
51.7320,-0.0393
51.7360,-0.0498
51.7400,-0.0657
51.7440,-0.0578
51.7480,-0.0532
51.7520,-0.0430
51.7560,-0.0987
51.7600,-0.0721
51.7640,-0.0743
51.7680,-0.0547
51.7720,-0.0697
51.7760,-0.0734
51.7800,-0.0546
51.7840,-0.0407
51.7880,-0.0530
51.7920,-0.0533
51.7960,-0.0532
51.8000,-0.0494
51.8040,-0.0576
51.8080,-0.0285
51.8120,-0.0340
51.8160,-0.0571
51.8200,-0.0639
51.8240,-0.0431
51.8280,-0.0443
51.8320,-0.0287
51.8360,-0.0582
51.8400,-0.0532
51.8440,-0.0293
51.8480,-0.0768
51.8520,-0.0382
51.8560,-0.0209
51.8600,-0.0431
51.8640,-0.0247
51.8680,-0.0172
51.8720,-0.0037
51.8760,-0.0084
51.8800,-0.0120
51.8840,0.0223
51.8880,0.0514
51.8920,0.0387
51.8960,0.0387
51.9000,0.1000
51.9040,0.0766
51.9080,0.1115
51.9120,0.1057
51.9160,0.0598
51.9200,0.1256
51.9240,0.0832
51.9280,0.0538
51.9320,0.0326
51.9360,0.0307
51.9400,0.0219
51.9440,0.0326
51.9480,-0.0210
51.9520,-0.0034
51.9560,-0.0169
51.9600,-0.0105
51.9640,-0.0206
51.9680,-0.0049
51.9720,-0.0415
51.9760,-0.0139
51.9800,-0.0058
51.9840,-0.0179
51.9880,-0.0258
51.9920,-0.0052
51.9960,-0.0145
52.0000,-0.0285
52.0040,-0.0153
52.0080,-0.0491
52.0120,-0.0293
52.0160,-0.0356
52.0200,-0.0182
52.0240,-0.0384
52.0280,-0.0474
52.0320,-0.1035
52.0360,-0.1199
52.0400,-0.1172
52.0440,-0.0717
52.0480,-0.0304
52.0520,0.0514
52.0560,0.1690
52.0600,0.3624
52.0640,0.5995
52.0680,0.8064
52.0720,0.9612
52.0760,0.9573
52.0800,0.8157
52.0840,0.5916
52.0880,0.3463
52.0920,0.0632
52.0960,-0.0854
52.1000,-0.1772
52.1040,-0.2018
52.1080,-0.1751
52.1120,-0.1410
52.1160,-0.1219
52.1200,-0.0509
52.1240,-0.0155
52.1280,-0.0230
52.1320,-0.0037
52.1360,-0.0076
52.1400,-0.0147
52.1440,0.0258
52.1480,0.0203
52.1520,-0.0389
52.1560,-0.0135
52.1600,0.0049
52.1640,0.0259
52.1680,0.0272
52.1720,-0.0008
52.1760,0.0051
52.1800,0.0260
52.1840,0.0012
52.1880,0.0152
52.1920,0.0128
52.1960,-0.0079
52.2000,0.0305
52.2040,0.0523
52.2080,0.0286
52.2120,-0.0078
52.2160,0.0215
52.2200,0.0238
52.2240,0.0484
52.2280,0.0175
52.2320,0.0490
52.2360,0.0248
52.2400,0.0621
52.2440,0.0503
52.2480,0.0725
52.2520,0.0559
52.2560,0.0745
52.2600,0.1176
52.2640,0.1014
52.2680,0.1369
52.2720,0.1526
52.2760,0.1553
52.2800,0.1484
52.2840,0.1876
52.2880,0.1952
52.2920,0.2033
52.2960,0.2393
52.3000,0.2453
52.3040,0.2986
52.3080,0.3156
52.3120,0.2925
52.3160,0.2725
52.3200,0.3316
52.3240,0.3569
52.3280,0.3368
52.3320,0.3545
52.3360,0.3247
52.3400,0.3277
52.3440,0.3134
52.3480,0.3287
52.3520,0.2871
52.3560,0.2493
52.3600,0.2732
52.3640,0.2396
52.3680,0.2750
52.3720,0.2164
52.3760,0.2040
52.3800,0.2247
52.3840,0.2099
52.3880,0.1711
52.3920,0.1518
52.3960,0.1285
52.4000,0.1511
52.4040,0.1359
52.4080,0.1157
52.4120,0.0903
52.4160,0.0890
52.4200,0.0866
52.4240,0.0900
52.4280,0.0512
52.4320,0.0630
52.4360,0.0629
52.4400,0.0804
52.4440,0.0763
52.4480,0.0740
52.4520,0.0422
52.4560,0.0714
52.4600,0.0656
52.4640,0.0707
52.4680,0.0775
52.4720,0.0501
52.4760,0.0419
52.4800,0.0577
52.4840,0.0830
52.4880,0.0624
52.4920,0.0284
52.4960,0.0768
52.5000,0.0788
52.5040,0.0587
52.5080,0.0526
52.5120,0.0407
52.5160,0.0609
52.5200,0.0694
52.5240,0.0568
52.5280,0.0995
52.5320,0.0580
52.5360,0.0707
52.5400,0.0872
52.5440,0.0720
52.5480,0.0607
52.5520,0.0668
52.5560,0.0498
52.5600,0.0797
52.5640,0.0649
52.5680,0.0786
52.5720,0.0737
52.5760,0.0524
52.5800,0.0612
52.5840,0.0677
52.5880,0.0888
52.5920,0.0453
52.5960,0.0847
52.6000,0.1044
52.6040,0.0435
52.6080,0.0713
52.6120,0.0873
52.6160,0.0907
52.6200,0.0773
52.6240,0.1010
52.6280,0.1047
52.6320,0.0617
52.6360,0.0574
52.6400,0.0564
52.6440,0.0832
52.6480,0.0854
52.6520,0.0743
52.6560,0.0575
52.6600,0.0717
52.6640,0.1230
52.6680,0.0914
52.6720,0.0373
52.6760,0.0729
52.6800,0.0614
52.6840,0.1235
52.6880,0.0659
52.6920,0.0806
52.6960,0.0695
52.7000,0.0620
52.7040,0.1136
52.7080,0.0885
52.7120,0.0730
52.7160,0.0873
52.7200,0.0928
52.7240,0.0963
52.7280,0.0993
52.7320,0.1136
52.7360,0.0856
52.7400,0.0731
52.7440,0.0961
52.7480,0.0939
52.7520,0.1264
52.7560,0.0860
52.7600,0.0892
52.7640,0.1169
52.7680,0.1282
52.7720,0.0943
52.7760,0.0843
52.7800,0.0830
52.7840,0.1329
52.7880,0.1664
52.7920,0.1306
52.7960,0.1291
52.8000,0.1615
52.8040,0.1546
52.8080,0.2015
52.8120,0.1870
52.8160,0.1673
52.8200,0.2141
52.8240,0.2099
52.8280,0.2521
52.8320,0.2199
52.8360,0.2358
52.8400,0.2278
52.8440,0.2119
52.8480,0.2112
52.8520,0.1638
52.8560,0.1514
52.8600,0.1807
52.8640,0.1387
52.8680,0.1614
52.8720,0.1366
52.8760,0.1138
52.8800,0.0805
52.8840,0.1353
52.8880,0.1186
52.8920,0.0962
52.8960,0.0815
52.9000,0.1007
52.9040,0.1177
52.9080,0.1147
52.9120,0.1220
52.9160,0.1127
52.9200,0.1080
52.9240,0.1226
52.9280,0.1353
52.9320,0.1028
52.9360,0.0818
52.9400,0.0899
52.9440,0.0652
52.9480,0.0883
52.9520,0.0099
52.9560,-0.0119
52.9600,0.0442
52.9640,0.1046
52.9680,0.1476
52.9720,0.3050
52.9760,0.4665
52.9800,0.7079
52.9840,0.9489
52.9880,1.1040
52.9920,1.1161
52.9960,0.9475
53.0000,0.7239
53.0040,0.4619
53.0080,0.2570
53.0120,0.0362
53.0160,-0.0401
53.0200,-0.0839
53.0240,-0.0863
53.0280,-0.0156
53.0320,0.0078
53.0360,0.0738
53.0400,0.0806
53.0440,0.1269
53.0480,0.1381
53.0520,0.1022
53.0560,0.0960
53.0600,0.1051
53.0640,0.1269
53.0680,0.1091
53.0720,0.1267
53.0760,0.0881
53.0800,0.1437
53.0840,0.1565
53.0880,0.1323
53.0920,0.1158
53.0960,0.1132
53.1000,0.1247
53.1040,0.1319
53.1080,0.1364
53.1120,0.1273
53.1160,0.0927
53.1200,0.1218
53.1240,0.1575
53.1280,0.1324
53.1320,0.1447
53.1360,0.1269
53.1400,0.1186
53.1440,0.1638
53.1480,0.1559
53.1520,0.1312
53.1560,0.1421
53.1600,0.1843
53.1640,0.1964
53.1680,0.2113
53.1720,0.2085
53.1760,0.1888
53.1800,0.2193
53.1840,0.2289
53.1880,0.2586
53.1920,0.2508
53.1960,0.2830
53.2000,0.2870
53.2040,0.3196
53.2080,0.3503
53.2120,0.3568
53.2160,0.3563
53.2200,0.4114
53.2240,0.3940
53.2280,0.4369
53.2320,0.4078
53.2360,0.4324
53.2400,0.4044
53.2440,0.4395
53.2480,0.4235
53.2520,0.4217
53.2560,0.4196
53.2600,0.4004
53.2640,0.4167
53.2680,0.3815
53.2720,0.3612
53.2760,0.3690
53.2800,0.3435
53.2840,0.3279
53.2880,0.3204
53.2920,0.2901
53.2960,0.2701
53.3000,0.2575
53.3040,0.2448
53.3080,0.2388
53.3120,0.2315
53.3160,0.2227
53.3200,0.2025
53.3240,0.2110
53.3280,0.2082
53.3320,0.2023
53.3360,0.1431
53.3400,0.1972
53.3440,0.1837
53.3480,0.1653
53.3520,0.1189
53.3560,0.1136
53.3600,0.1366
53.3640,0.1514
53.3680,0.1435
53.3720,0.1438
53.3760,0.1266
53.3800,0.0896
53.3840,0.1377
53.3880,0.1383
53.3920,0.1224
53.3960,0.1121
53.4000,0.1452
53.4040,0.1600
53.4080,0.1587
53.4120,0.1224
53.4160,0.1253
53.4200,0.1408
53.4240,0.1345
53.4280,0.1149
53.4320,0.1303
53.4360,0.1211
53.4400,0.1339
53.4440,0.1514
53.4480,0.1314
53.4520,0.1060
53.4560,0.1429
53.4600,0.1320
53.4640,0.1313
53.4680,0.1259
53.4720,0.1323
53.4760,0.1241
53.4800,0.1449
53.4840,0.1462
53.4880,0.1098
53.4920,0.1470
53.4960,0.1480
53.5000,0.1355
53.5040,0.1346
53.5080,0.1518
53.5120,0.1463
53.5160,0.1183
53.5200,0.1603
53.5240,0.1479
53.5280,0.1590
53.5320,0.1103
53.5360,0.1256
53.5400,0.1296
53.5440,0.1572
53.5480,0.1281
53.5520,0.1453
53.5560,0.1280
53.5600,0.1315
53.5640,0.1337
53.5680,0.1540
53.5720,0.1223
53.5760,0.1196
53.5800,0.1205
53.5840,0.1149
53.5880,0.1358
53.5920,0.1212
53.5960,0.1374
53.6000,0.1584
53.6040,0.1247
53.6080,0.1454
53.6120,0.1348
53.6160,0.1442
53.6200,0.1226
53.6240,0.1127
53.6280,0.1374
53.6320,0.0990
53.6360,0.1397
53.6400,0.1230
53.6440,0.1346
53.6480,0.1433
53.6520,0.1196
53.6560,0.1242
53.6600,0.1370
53.6640,0.1254
53.6680,0.1352
53.6720,0.1168
53.6760,0.1492
53.6800,0.1352
53.6840,0.1416
53.6880,0.1448
53.6920,0.1650
53.6960,0.1479
53.7000,0.1975
53.7040,0.1902
53.7080,0.2127
53.7120,0.2210
53.7160,0.2231
53.7200,0.2087
53.7240,0.2409
53.7280,0.2785
53.7320,0.2227
53.7360,0.2331
53.7400,0.2321
53.7440,0.2278
53.7480,0.2300
53.7520,0.2057
53.7560,0.1972
53.7600,0.1552
53.7640,0.1521
53.7680,0.1561
53.7720,0.1654
53.7760,0.1120
53.7800,0.1071
53.7840,0.1416
53.7880,0.1429
53.7920,0.1073
53.7960,0.1122
53.8000,0.1369
53.8040,0.1201
53.8080,0.0925
53.8120,0.1209
53.8160,0.1349
53.8200,0.1141
53.8240,0.1243
53.8280,0.1470
53.8320,0.0871
53.8360,0.0968
53.8400,0.0548
53.8440,0.0480
53.8480,0.0330
53.8520,-0.0278
53.8560,0.0299
53.8600,0.0772
53.8640,0.1576
53.8680,0.2506
53.8720,0.4081
53.8760,0.5965
53.8800,0.8673
53.8840,1.0425
53.8880,1.0966
53.8920,1.0111
53.8960,0.7529
53.9000,0.5172
53.9040,0.2997
53.9080,0.1034
53.9120,-0.0430
53.9160,-0.1275
53.9200,-0.0968
53.9240,-0.0732
53.9280,0.0017
53.9320,0.0418
53.9360,0.0872
53.9400,0.1091
53.9440,0.1279
53.9480,0.1008
53.9520,0.0882
53.9560,0.1211
53.9600,0.0987
53.9640,0.1233
53.9680,0.1399
53.9720,0.1152
53.9760,0.1008
53.9800,0.1305
53.9840,0.1143
53.9880,0.0797
53.9920,0.0747
53.9960,0.1158
54.0000,0.0924
54.0040,0.1056
54.0080,0.1157
54.0120,0.0995
54.0160,0.1114
54.0200,0.0890
54.0240,0.1143
54.0280,0.1164
54.0320,0.1045
54.0360,0.0877
54.0400,0.0996
54.0440,0.1272
54.0480,0.1231
54.0520,0.1306
54.0560,0.1099
54.0600,0.1271
54.0640,0.1737
54.0680,0.1630
54.0720,0.1919
54.0760,0.1819
54.0800,0.2291
54.0840,0.2174
54.0880,0.2716
54.0920,0.2539
54.0960,0.2689
54.1000,0.2941
54.1040,0.3206
54.1080,0.3398
54.1120,0.3084
54.1160,0.3556
54.1200,0.3509
54.1240,0.3755
54.1280,0.3714
54.1320,0.3669
54.1360,0.3548
54.1400,0.3937
54.1440,0.3848
54.1480,0.3987
54.1520,0.3612
54.1560,0.3584
54.1600,0.3535
54.1640,0.3266
54.1680,0.3344
54.1720,0.3047
54.1760,0.2791
54.1800,0.2342
54.1840,0.2489
54.1880,0.2551
54.1920,0.2143
54.1960,0.2087
54.2000,0.1559
54.2040,0.1971
54.2080,0.1449
54.2120,0.1504
54.2160,0.1075
54.2200,0.1283
54.2240,0.1470
54.2280,0.1022
54.2320,0.0987
54.2360,0.0820
54.2400,0.0795
54.2440,0.0963
54.2480,0.0937
54.2520,0.0690
54.2560,0.0815
54.2600,0.0482
54.2640,0.0796
54.2680,0.0894
54.2720,0.0628
54.2760,0.0712
54.2800,0.0586
54.2840,0.1004
54.2880,0.0861
54.2920,0.0649
54.2960,0.0619
54.3000,0.0575
54.3040,0.0518
54.3080,0.0807
54.3120,0.0680
54.3160,0.0085
54.3200,0.0751
54.3240,0.0809
54.3280,0.0805
54.3320,0.0360
54.3360,0.0738
54.3400,0.0515
54.3440,0.0492
54.3480,0.0448
54.3520,0.0865
54.3560,0.0632
54.3600,0.0661
54.3640,0.0881
54.3680,0.0634
54.3720,0.0626
54.3760,0.0599
54.3800,0.0755
54.3840,0.0807
54.3880,0.0519
54.3920,0.0607
54.3960,0.0507
54.4000,0.0319
54.4040,0.0430
54.4080,0.0518
54.4120,0.0418
54.4160,0.0318
54.4200,0.0415
54.4240,0.0787
54.4280,0.0578
54.4320,0.0330
54.4360,0.0385
54.4400,0.0263
54.4440,0.0683
54.4480,0.0317
54.4520,0.0474
54.4560,0.0290
54.4600,0.0517
54.4640,0.0510
54.4680,0.0392
54.4720,0.0382
54.4760,0.0271
54.4800,0.0534
54.4840,0.0453
54.4880,0.0354
54.4920,0.0524
54.4960,0.0243
54.5000,0.0442
54.5040,0.0393
54.5080,0.0320
54.5120,0.0593
54.5160,0.0112
54.5200,0.0092
54.5240,0.0411
54.5280,0.0589
54.5320,0.0031
54.5360,0.0149
54.5400,0.0456
54.5440,0.0584
54.5480,0.0436
54.5520,0.0565
54.5560,0.0477
54.5600,0.0525
54.5640,0.0706
54.5680,0.0902
54.5720,0.0739
54.5760,0.0781
54.5800,0.1369
54.5840,0.1311
54.5880,0.1457
54.5920,0.1354
54.5960,0.1589
54.6000,0.1307
54.6040,0.1360
54.6080,0.1083
54.6120,0.1256
54.6160,0.0959
54.6200,0.0808
54.6240,0.1056
54.6280,0.0577
54.6320,0.0460
54.6360,0.0188
54.6400,0.0283
54.6440,0.0533
54.6480,0.0453
54.6520,0.0241
54.6560,0.0408
54.6600,0.0139
54.6640,-0.0149
54.6680,0.0074
54.6720,0.0238
54.6760,-0.0123
54.6800,0.0180
54.6840,0.0301
54.6880,0.0193
54.6920,0.0021
54.6960,-0.0139
54.7000,-0.0011
54.7040,-0.0534
54.7080,-0.0780
54.7120,-0.0905
54.7160,-0.0812
54.7200,-0.0298
54.7240,0.0413
54.7280,0.1476
54.7320,0.3126
54.7360,0.5184
54.7400,0.7473
54.7440,0.9566
54.7480,0.9996
54.7520,0.8938
54.7560,0.6842
54.7600,0.4272
54.7640,0.1884
54.7680,-0.0150
54.7720,-0.1388
54.7760,-0.1962
54.7800,-0.1879
54.7840,-0.1556
54.7880,-0.1153
54.7920,-0.0766
54.7960,-0.0557
54.8000,-0.0132
54.8040,0.0092
54.8080,0.0096
54.8120,-0.0186
54.8160,0.0041
54.8200,0.0110
54.8240,0.0293
54.8280,0.0088
54.8320,-0.0022
54.8360,-0.0254
54.8400,0.0176
54.8440,0.0113
54.8480,-0.0178
54.8520,-0.0160
54.8560,-0.0084
54.8600,-0.0106
54.8640,0.0004
54.8680,-0.0028
54.8720,0.0037
54.8760,-0.0153
54.8800,0.0056
54.8840,0.0178
54.8880,-0.0204
54.8920,-0.0089
54.8960,0.0067
54.9000,0.0420
54.9040,0.0328
54.9080,0.0507
54.9120,0.0085
54.9160,0.0212
54.9200,0.0868
54.9240,0.0938
54.9280,0.0596
54.9320,0.1020
54.9360,0.0958
54.9400,0.1645
54.9440,0.1632
54.9480,0.1702
54.9520,0.1887
54.9560,0.1931
54.9600,0.2229
54.9640,0.2484
54.9680,0.2426
54.9720,0.2620
54.9760,0.2608
54.9800,0.2696
54.9840,0.2967
54.9880,0.2713
54.9920,0.2551
54.9960,0.2767
55.0000,0.2405
55.0040,0.2717
55.0080,0.2431
55.0120,0.1884
55.0160,0.1708
55.0200,0.2085
55.0240,0.1708
55.0280,0.1576
55.0320,0.0822
55.0360,0.1046
55.0400,0.0847
55.0440,0.0836
55.0480,0.0596
55.0520,0.0586
55.0560,0.0531
55.0600,0.0143
55.0640,0.0355
55.0680,-0.0200
55.0720,0.0262
55.0760,-0.0288
55.0800,0.0033
55.0840,0.0115
55.0880,-0.0244
55.0920,-0.0344
55.0960,-0.0470
55.1000,-0.0114
55.1040,-0.0180
55.1080,-0.0365
55.1120,-0.0322
55.1160,-0.0533
55.1200,-0.0341
55.1240,-0.0332
55.1280,-0.0157
55.1320,-0.0635
55.1360,-0.0433
55.1400,-0.0360
55.1440,-0.0400
55.1480,-0.0285
55.1520,-0.0323
55.1560,-0.0771
55.1600,-0.0429
55.1640,-0.0425
55.1680,-0.0331
55.1720,-0.0437
55.1760,-0.0412
55.1800,-0.0168
55.1840,-0.0171
55.1880,-0.0196
55.1920,-0.0542
55.1960,-0.0458
55.2000,-0.0226
55.2040,-0.0067
55.2080,-0.0269
55.2120,-0.0359
55.2160,-0.0341
55.2200,-0.0472
55.2240,-0.0271
55.2280,-0.0490
55.2320,-0.0416
55.2360,-0.0841
55.2400,-0.0468
55.2440,-0.0434
55.2480,-0.0395
55.2520,-0.0505
55.2560,-0.0358
55.2600,-0.0681
55.2640,-0.0534
55.2680,-0.0289
55.2720,-0.0832
55.2760,-0.0617
55.2800,-0.0798
55.2840,-0.0415
55.2880,-0.0424
55.2920,-0.0174
55.2960,-0.0453
55.3000,-0.0587
55.3040,-0.0318
55.3080,-0.0559
55.3120,-0.0652
55.3160,-0.0572
55.3200,-0.0315
55.3240,-0.0373
55.3280,-0.0621
55.3320,-0.0396
55.3360,-0.0381
55.3400,-0.0376
55.3440,0.0070
55.3480,0.0090
55.3520,0.0009
55.3560,0.0292
55.3600,0.0226
55.3640,0.0506
55.3680,0.0732
55.3720,0.0714
55.3760,0.0317
55.3800,0.0305
55.3840,0.0705
55.3880,-0.0092
55.3920,0.0358
55.3960,-0.0259
55.4000,-0.0185
55.4040,0.0283
55.4080,-0.0316
55.4120,-0.0426
55.4160,-0.0640
55.4200,-0.0785
55.4240,-0.0388
55.4280,-0.0684
55.4320,-0.0471
55.4360,-0.0677
55.4400,-0.0769
55.4440,-0.0723
55.4480,-0.0890
55.4520,-0.0582
55.4560,-0.0503
55.4600,-0.0518
55.4640,-0.0850
55.4680,-0.0875
55.4720,-0.0659
55.4760,-0.0894
55.4800,-0.0894
55.4840,-0.1230
55.4880,-0.1444
55.4920,-0.1850
55.4960,-0.1762
55.5000,-0.1410
55.5040,-0.0458
55.5080,0.0640
55.5120,0.1622
55.5160,0.3654
55.5200,0.6082
55.5240,0.8363
55.5280,0.9395
55.5320,0.8801
55.5360,0.6757
55.5400,0.4340
55.5440,0.2255
55.5480,-0.0439
55.5520,-0.2035
55.5560,-0.2846
55.5600,-0.2776
55.5640,-0.2408
55.5680,-0.1939
55.5720,-0.1557
55.5760,-0.1266
55.5800,-0.0738
55.5840,-0.0615
55.5880,-0.0930
55.5920,-0.1161
55.5960,-0.0765
55.6000,-0.0635
55.6040,-0.0755
55.6080,-0.0859
55.6120,-0.0815
55.6160,-0.1103
55.6200,-0.0706
55.6240,-0.0769
55.6280,-0.0721
55.6320,-0.0606
55.6360,-0.0883
55.6400,-0.0679
55.6440,-0.0552
55.6480,-0.0659
55.6520,-0.1192
55.6560,-0.0876
55.6600,-0.0783
55.6640,-0.0825
55.6680,-0.0961
55.6720,-0.0664
55.6760,-0.1025
55.6800,-0.0922
55.6840,-0.0617
55.6880,-0.0307
55.6920,-0.0661
55.6960,-0.0549
55.7000,-0.0408
55.7040,-0.0511
55.7080,-0.0289
55.7120,-0.0179
55.7160,0.0127
55.7200,0.0193
55.7240,0.0271
55.7280,0.0869
55.7320,0.0711
55.7360,0.0617
55.7400,0.0942
55.7440,0.1191
55.7480,0.1390
55.7520,0.1617
55.7560,0.1572
55.7600,0.1684
55.7640,0.2053
55.7680,0.2161
55.7720,0.2099
55.7760,0.2140
55.7800,0.1943
55.7840,0.2134
55.7880,0.2104
55.7920,0.1666
55.7960,0.1614
55.8000,0.1731
55.8040,0.1540
55.8080,0.1726
55.8120,0.1035
55.8160,0.1341
55.8200,0.1109
55.8240,0.0783
55.8280,0.0698
55.8320,0.0149
55.8360,0.0116
55.8400,0.0124
55.8440,0.0043
55.8480,-0.0046
55.8520,-0.0441
55.8560,-0.0462
55.8600,-0.0374
55.8640,-0.0298
55.8680,-0.0536
55.8720,-0.0718
55.8760,-0.0935
55.8800,-0.0711
55.8840,-0.0941
55.8880,-0.1058
55.8920,-0.0883
55.8960,-0.0963
55.9000,-0.0809
55.9040,-0.0680
55.9080,-0.0864
55.9120,-0.0764
55.9160,-0.0827
55.9200,-0.0776
55.9240,-0.0967
55.9280,-0.0945
55.9320,-0.1130
55.9360,-0.1239
55.9400,-0.0984
55.9440,-0.0804
55.9480,-0.0541
55.9520,-0.1061
55.9560,-0.1026
55.9600,-0.1225
55.9640,-0.1133
55.9680,-0.1094
55.9720,-0.1101
55.9760,-0.1093
55.9800,-0.0786
55.9840,-0.0634
55.9880,-0.1116
55.9920,-0.0852
55.9960,-0.1330
56.0000,-0.1058
56.0040,-0.0771
56.0080,-0.0774
56.0120,-0.0826
56.0160,-0.1217
56.0200,-0.1027
56.0240,-0.0796
56.0280,-0.0698
56.0320,-0.0982
56.0360,-0.0881
56.0400,-0.1033
56.0440,-0.0860
56.0480,-0.0919
56.0520,-0.1106
56.0560,-0.0924
56.0600,-0.0801
56.0640,-0.0881
56.0680,-0.0840
56.0720,-0.0860
56.0760,-0.1245
56.0800,-0.1058
56.0840,-0.0795
56.0880,-0.0948
56.0920,-0.0728
56.0960,-0.1017
56.1000,-0.0759
56.1040,-0.0919
56.1080,-0.0748
56.1120,-0.1162
56.1160,-0.1095
56.1200,-0.0761
56.1240,-0.1027
56.1280,-0.0648
56.1320,-0.1173
56.1360,-0.1160
56.1400,-0.0861
56.1440,-0.0959
56.1480,-0.0565
56.1520,-0.0850
56.1560,-0.1025
56.1600,-0.0880
56.1640,-0.0945
56.1680,-0.0630
56.1720,-0.0799
56.1760,-0.0899
56.1800,-0.0558
56.1840,-0.0430
56.1880,-0.0637
56.1920,-0.0342
56.1960,-0.0548
56.2000,-0.0250
56.2040,0.0175
56.2080,-0.0148
56.2120,0.0038
56.2160,0.0090
56.2200,0.0298
56.2240,0.0374
56.2280,0.0451
56.2320,0.0152
56.2360,0.0225
56.2400,0.0103
56.2440,0.0117
56.2480,-0.0325
56.2520,-0.0436
56.2560,-0.0622
56.2600,-0.0710
56.2640,-0.0605
56.2680,-0.0416
56.2720,-0.0709
56.2760,-0.0877
56.2800,-0.0719
56.2840,-0.0588
56.2880,-0.0746
56.2920,-0.1126
56.2960,-0.0961
56.3000,-0.0890
56.3040,-0.1065
56.3080,-0.0992
56.3120,-0.1054
56.3160,-0.0771
56.3200,-0.0792
56.3240,-0.0985
56.3280,-0.0799
56.3320,-0.0935
56.3360,-0.1134
56.3400,-0.1106
56.3440,-0.1596
56.3480,-0.1578
56.3520,-0.1777
56.3560,-0.1791
56.3600,-0.0813
56.3640,0.0178
56.3680,0.1123
56.3720,0.2795
56.3760,0.5107
56.3800,0.7586
56.3840,0.9063
56.3880,0.8811
56.3920,0.7239
56.3960,0.4792
56.4000,0.2402
56.4040,0.0517
56.4080,-0.1469
56.4120,-0.2554
56.4160,-0.3060
56.4200,-0.2673
56.4240,-0.2336
56.4280,-0.1498
56.4320,-0.1532
56.4360,-0.1090
56.4400,-0.0977
56.4440,-0.0763
56.4480,-0.0539
56.4520,-0.0860
56.4560,-0.1042
56.4600,-0.1062
56.4640,-0.0564
56.4680,-0.1000
56.4720,-0.0953
56.4760,-0.0966
56.4800,-0.1060
56.4840,-0.0995
56.4880,-0.0875
56.4920,-0.0834
56.4960,-0.1121
56.5000,-0.0690
56.5040,-0.0795
56.5080,-0.0781
56.5120,-0.0716
56.5160,-0.0661
56.5200,-0.0791
56.5240,-0.0597
56.5280,-0.0517
56.5320,-0.0878
56.5360,-0.0723
56.5400,-0.0541
56.5440,-0.0705
56.5480,-0.0311
56.5520,-0.0576
56.5560,-0.0436
56.5600,-0.0141
56.5640,-0.0042
56.5680,-0.0030
56.5720,-0.0014
56.5760,0.0161
56.5800,0.0048
56.5840,0.0518
56.5880,0.1022
56.5920,0.0736
56.5960,0.0859
56.6000,0.1221
56.6040,0.1479
56.6080,0.1681
56.6120,0.1612
56.6160,0.1537
56.6200,0.1765
56.6240,0.2172
56.6280,0.2246
56.6320,0.2190
56.6360,0.2457
56.6400,0.2374
56.6440,0.2568
56.6480,0.2271
56.6520,0.2254
56.6560,0.1917
56.6600,0.1882
56.6640,0.1967
56.6680,0.1768
56.6720,0.1400
56.6760,0.1335
56.6800,0.1336
56.6840,0.1290
56.6880,0.1009
56.6920,0.0616
56.6960,0.0314
56.7000,0.0625
56.7040,0.0106
56.7080,0.0323
56.7120,0.0006
56.7160,-0.0160
56.7200,-0.0095
56.7240,0.0076
56.7280,-0.0308
56.7320,-0.0360
56.7360,-0.0749
56.7400,-0.0276
56.7440,-0.0332
56.7480,-0.0235
56.7520,-0.0626
56.7560,-0.0620
56.7600,-0.0736
56.7640,-0.0830
56.7680,-0.0447
56.7720,-0.0539
56.7760,-0.0404
56.7800,-0.0704
56.7840,-0.0673
56.7880,-0.0540
56.7920,-0.0602
56.7960,-0.0770
56.8000,-0.0693
56.8040,-0.0396
56.8080,-0.0504
56.8120,-0.0798
56.8160,-0.0498
56.8200,-0.0674
56.8240,-0.0510
56.8280,-0.0730
56.8320,-0.0769
56.8360,-0.0698
56.8400,-0.0792
56.8440,-0.0351
56.8480,-0.0495
56.8520,-0.0778
56.8560,-0.0675
56.8600,-0.0773
56.8640,-0.0574
56.8680,-0.0344
56.8720,-0.0386
56.8760,-0.0493
56.8800,-0.0588
56.8840,-0.0533
56.8880,-0.0899
56.8920,-0.0873
56.8960,-0.0635
56.9000,-0.0456
56.9040,-0.0581
56.9080,-0.0334
56.9120,-0.0846
56.9160,-0.0605
56.9200,-0.0588
56.9240,-0.0458
56.9280,-0.0522
56.9320,-0.0609
56.9360,-0.0826
56.9400,-0.0649
56.9440,-0.0259
56.9480,-0.0592
56.9520,-0.0472
56.9560,-0.0259
56.9600,-0.0654
56.9640,-0.0573
56.9680,-0.0701
56.9720,-0.0689
56.9760,-0.0555
56.9800,-0.0605
56.9840,-0.0526
56.9880,-0.0510
56.9920,-0.0495
56.9960,-0.0631
57.0000,-0.0598
57.0040,-0.0557
57.0080,-0.0320
57.0120,-0.1063
57.0160,-0.0580
57.0200,-0.0339
57.0240,-0.0510
57.0280,-0.0408
57.0320,-0.0439
57.0360,-0.0460
57.0400,-0.0451
57.0440,-0.0342
57.0480,-0.0500
57.0520,-0.0335
57.0560,-0.0619
57.0600,-0.0208
57.0640,-0.0418
57.0680,-0.0260
57.0720,-0.0385
57.0760,-0.0380
57.0800,-0.0176
57.0840,0.0161
57.0880,0.0018
57.0920,0.0146
57.0960,-0.0000
57.1000,0.0583
57.1040,0.0661
57.1080,0.1017
57.1120,0.0935
57.1160,0.0631
57.1200,0.0526
57.1240,0.0836
57.1280,0.0666
57.1320,0.0314
57.1360,-0.0003
57.1400,0.0027
57.1440,0.0221
57.1480,-0.0112
57.1520,-0.0197
57.1560,-0.0343
57.1600,-0.0476
57.1640,-0.0301
57.1680,-0.0300
57.1720,-0.0526
57.1760,-0.0635
57.1800,-0.0259
57.1840,-0.0232
57.1880,-0.0248
57.1920,-0.0243
57.1960,-0.0626
57.2000,-0.0351
57.2040,-0.0467
57.2080,-0.0561
57.2120,-0.0239
57.2160,-0.0497
57.2200,-0.0118
57.2240,-0.0331
57.2280,-0.0599
57.2320,-0.0956
57.2360,-0.1385
57.2400,-0.1147
57.2440,-0.1090
57.2480,-0.0712
57.2520,-0.0228
57.2560,0.0637
57.2600,0.2366
57.2640,0.4383
57.2680,0.6724
57.2720,0.8664
57.2760,0.9687
57.2800,0.8960
57.2840,0.7221
57.2880,0.4304
57.2920,0.1926
57.2960,-0.0061
57.3000,-0.1037
57.3040,-0.2277
57.3080,-0.2522
57.3120,-0.2062
57.3160,-0.1721
57.3200,-0.1358
57.3240,-0.0677
57.3280,-0.0234
57.3320,-0.0360
57.3360,-0.0298
57.3400,-0.0277
57.3440,-0.0153
57.3480,-0.0120
57.3520,-0.0470
57.3560,-0.0364
57.3600,-0.0315
57.3640,-0.0017
57.3680,-0.0117
57.3720,-0.0388
57.3760,-0.0445
57.3800,-0.0121
57.3840,0.0091
57.3880,-0.0169
57.3920,-0.0254
57.3960,-0.0469
57.4000,-0.0605
57.4040,0.0147
57.4080,-0.0068
57.4120,-0.0161
57.4160,-0.0308
57.4200,-0.0036
57.4240,0.0211
57.4280,-0.0146
57.4320,-0.0271
57.4360,-0.0138
57.4400,0.0102
57.4440,0.0011
57.4480,-0.0006
57.4520,-0.0083
57.4560,0.0206
57.4600,0.0466
57.4640,0.0571
57.4680,0.1137
57.4720,0.0710
57.4760,0.0763
57.4800,0.0964
57.4840,0.1626
57.4880,0.1431
57.4920,0.1726
57.4960,0.2055
57.5000,0.1877
57.5040,0.2229
57.5080,0.2297
57.5120,0.2324
57.5160,0.2359
57.5200,0.2474
57.5240,0.2913
57.5280,0.3084
57.5320,0.2786
57.5360,0.2823
57.5400,0.2671
57.5440,0.3174
57.5480,0.2714
57.5520,0.2484
57.5560,0.2482
57.5600,0.2453
57.5640,0.2234
57.5680,0.2524
57.5720,0.2060
57.5760,0.1944
57.5800,0.1983
57.5840,0.1487
57.5880,0.1274
57.5920,0.0990
57.5960,0.0692
57.6000,0.0843
57.6040,0.1234
57.6080,0.0600
57.6120,0.0394
57.6160,0.0279
57.6200,0.0399
57.6240,0.0525
57.6280,0.0207
57.6320,0.0027
57.6360,-0.0151
57.6400,0.0311
57.6440,0.0169
57.6480,0.0119
57.6520,0.0024
57.6560,0.0052
57.6600,0.0013
57.6640,0.0315
57.6680,0.0115
57.6720,-0.0375
57.6760,-0.0377
57.6800,-0.0158
57.6840,-0.0103
57.6880,-0.0371
57.6920,-0.0001
57.6960,-0.0118
57.7000,0.0066
57.7040,0.0358
57.7080,0.0157
57.7120,-0.0343
57.7160,0.0048
57.7200,0.0167
57.7240,0.0106
57.7280,-0.0167
57.7320,0.0009
57.7360,-0.0291
57.7400,0.0054
57.7440,-0.0008
57.7480,-0.0188
57.7520,0.0021
57.7560,-0.0254
57.7600,0.0020
57.7640,0.0218
57.7680,0.0110
57.7720,0.0017
57.7760,-0.0053
57.7800,0.0017
57.7840,0.0196
57.7880,0.0089
57.7920,0.0079
57.7960,0.0116
57.8000,-0.0195
57.8040,0.0287
57.8080,0.0433
57.8120,-0.0021
57.8160,-0.0129
57.8200,0.0066
57.8240,0.0183
57.8280,-0.0015
57.8320,0.0182
57.8360,0.0110
57.8400,-0.0260
57.8440,0.0139
57.8480,0.0224
57.8520,-0.0050
57.8560,-0.0128
57.8600,-0.0087
57.8640,0.0095
57.8680,-0.0019
57.8720,0.0012
57.8760,0.0163
57.8800,-0.0164
57.8840,0.0244
57.8880,0.0191
57.8920,-0.0267
57.8960,0.0152
57.9000,-0.0057
57.9040,0.0290
57.9080,-0.0089
57.9120,0.0377
57.9160,0.0044
57.9200,0.0040
57.9240,0.0120
57.9280,0.0111
57.9320,-0.0026
57.9360,-0.0032
57.9400,-0.0133
57.9440,0.0112
57.9480,0.0231
57.9520,-0.0183
57.9560,0.0224
57.9600,0.0350
57.9640,0.0349
57.9680,0.0252
57.9720,-0.0054
57.9760,0.0248
57.9800,0.0129
57.9840,0.0435
57.9880,0.0208
57.9920,0.0437
57.9960,0.0330
58.0000,0.0633
58.0040,0.0724
58.0080,0.0373
58.0120,0.0743
58.0160,0.0578
58.0200,0.0778
58.0240,0.1136
58.0280,0.1321
58.0320,0.1136
58.0360,0.1253
58.0400,0.1665
58.0440,0.1205
58.0480,0.1313
58.0520,0.1190
58.0560,0.1108
58.0600,0.0831
58.0640,0.0944
58.0680,0.0900
58.0720,0.0389
58.0760,0.0671
58.0800,0.0696
58.0840,0.0564
58.0880,0.0459
58.0920,0.0304
58.0960,0.0023
58.1000,0.0306
58.1040,0.0243
58.1080,0.0323
58.1120,0.0046
58.1160,0.0287
58.1200,0.0366
58.1240,0.0494
58.1280,0.0283
58.1320,0.0083
58.1360,0.0570
58.1400,0.0043
58.1440,0.0094
58.1480,0.0142
58.1520,-0.0499
58.1560,-0.0820
58.1600,-0.0653
58.1640,-0.0484
58.1680,-0.0164
58.1720,0.0227
58.1760,0.1292
58.1800,0.2931
58.1840,0.5045
58.1880,0.7245
58.1920,0.9091
58.1960,1.0274
58.2000,0.9419
58.2040,0.7793
58.2080,0.4838
58.2120,0.2798
58.2160,0.0471
58.2200,-0.1060
58.2240,-0.1608
58.2280,-0.2009
58.2320,-0.1728
58.2360,-0.0765
58.2400,-0.0319
58.2440,-0.0126
58.2480,0.0241
58.2520,-0.0120
58.2560,0.0002
58.2600,0.0183
58.2640,0.0500
58.2680,0.0431
58.2720,0.0314
58.2760,-0.0097
58.2800,0.0300
58.2840,0.0390
58.2880,0.0115
58.2920,0.0098
58.2960,0.0196
58.3000,0.0152
58.3040,0.0297
58.3080,0.0484
58.3120,0.0238
58.3160,0.0129
58.3200,0.0267
58.3240,0.0509
58.3280,0.0504
58.3320,0.0297
58.3360,0.0193
58.3400,0.0419
58.3440,0.0806
58.3480,0.0562
58.3520,0.0418
58.3560,0.0618
58.3600,0.0401
58.3640,0.1110
58.3680,0.0818
58.3720,0.0870
58.3760,0.0933
58.3800,0.1403
58.3840,0.1438
58.3880,0.1426
58.3920,0.1494
58.3960,0.2314
58.4000,0.2275
58.4040,0.2576
58.4080,0.2570
58.4120,0.2235
58.4160,0.2821
58.4200,0.3093
58.4240,0.2860
58.4280,0.3282
58.4320,0.3500
58.4360,0.3349
58.4400,0.3397
58.4440,0.3320
58.4480,0.3225
58.4520,0.3161
58.4560,0.3118
58.4600,0.2968
58.4640,0.3029
58.4680,0.2888
58.4720,0.2462
58.4760,0.2456
58.4800,0.2016
58.4840,0.2400
58.4880,0.1687
58.4920,0.1585
58.4960,0.1558
58.5000,0.1453
58.5040,0.1037
58.5080,0.1089
58.5120,0.0801
58.5160,0.0650
58.5200,0.0620
58.5240,0.1052
58.5280,0.0681
58.5320,0.0506
58.5360,0.0511
58.5400,0.0497
58.5440,0.0551
58.5480,0.0478
58.5520,0.0339
58.5560,0.0345
58.5600,0.0377
58.5640,0.0463
58.5680,0.0440
58.5720,0.0459
58.5760,0.0240
58.5800,0.0141
58.5840,0.0699
58.5880,0.0482
58.5920,0.0383
58.5960,0.0351
58.6000,0.0345
58.6040,0.0603
58.6080,0.0406
58.6120,0.0212
58.6160,0.0321
58.6200,0.0250
58.6240,0.0432
58.6280,0.0635
58.6320,0.0003
58.6360,0.0011
58.6400,0.0404
58.6440,0.0569
58.6480,0.0462
58.6520,0.0286
58.6560,0.0068
58.6600,0.0523
58.6640,0.0749
58.6680,0.0443
58.6720,0.0331
58.6760,0.0291
58.6800,0.0459
58.6840,0.0371
58.6880,0.0669
58.6920,0.0464
58.6960,0.0330
58.7000,0.0510
58.7040,0.0423
58.7080,0.0593
58.7120,0.0595
58.7160,0.0321
58.7200,0.0512
58.7240,0.0542
58.7280,0.0252
58.7320,0.0243
58.7360,0.0313
58.7400,0.0477
58.7440,0.0498
58.7480,0.0527
58.7520,0.0490
58.7560,0.0354
58.7600,0.0483
58.7640,0.0334
58.7680,0.0364
58.7720,0.0213
58.7760,0.0228
58.7800,0.0391
58.7840,0.0099
58.7880,0.0534
58.7920,0.0472
58.7960,0.0321
58.8000,0.0598
58.8040,0.0418
58.8080,0.0528
58.8120,0.0537
58.8160,0.0351
58.8200,0.0879
58.8240,0.0837
58.8280,0.1044
58.8320,0.0968
58.8360,0.0934
58.8400,0.1020
58.8440,0.1329
58.8480,0.1389
58.8520,0.1373
58.8560,0.1600
58.8600,0.1416
58.8640,0.1563
58.8680,0.1216
58.8720,0.1580
58.8760,0.1249
58.8800,0.1478
58.8840,0.1453
58.8880,0.1161
58.8920,0.0953
58.8960,0.0828
58.9000,0.0714
58.9040,0.0494
58.9080,0.0580
58.9120,0.0580
58.9160,0.0123
58.9200,0.0260
58.9240,0.0425
58.9280,0.0644
58.9320,0.0229
58.9360,0.0188
58.9400,0.0467
58.9440,0.0694
58.9480,0.0532
58.9520,0.0535
58.9560,0.0457
58.9600,0.0397
58.9640,0.0426
58.9680,0.0232
58.9720,-0.0210
58.9760,-0.0661
58.9800,-0.0575
58.9840,-0.0015
58.9880,0.0145
58.9920,0.1158
58.9960,0.1782
59.0000,0.3653
59.0040,0.6157
59.0080,0.8649
59.0120,1.0165
59.0160,1.0319
59.0200,0.9161
59.0240,0.6890
59.0280,0.4196
59.0320,0.1829
59.0360,-0.0024
59.0400,-0.1251
59.0440,-0.1419
59.0480,-0.1224
59.0520,-0.1315
59.0560,-0.0715
59.0600,-0.0122
59.0640,0.0309
59.0680,0.0272
59.0720,0.0058
59.0760,0.0470
59.0800,0.0431
59.0840,0.0693
59.0880,0.0563
59.0920,0.0539
59.0960,0.0289
59.1000,0.0659
59.1040,0.0491
59.1080,0.0503
59.1120,0.0327
59.1160,0.0490
59.1200,0.0866
59.1240,0.0812
59.1280,0.0270
59.1320,0.0371
59.1360,0.0448
59.1400,0.0354
59.1440,0.0712
59.1480,0.0676
59.1520,0.0628
59.1560,0.0560
59.1600,0.0748
59.1640,0.0755
59.1680,0.0878
59.1720,0.0671
59.1760,0.0650
59.1800,0.1011
59.1840,0.0914
59.1880,0.0916
59.1920,0.1421
59.1960,0.1176
59.2000,0.1865
59.2040,0.1673
59.2080,0.1755
59.2120,0.1979
59.2160,0.2329
59.2200,0.2404
59.2240,0.2607
59.2280,0.2839
59.2320,0.3208
59.2360,0.2861
59.2400,0.3375
59.2440,0.3101
59.2480,0.3540
59.2520,0.3612
59.2560,0.3642
59.2600,0.3237
59.2640,0.3453
59.2680,0.3277
59.2720,0.3323
59.2760,0.3403
59.2800,0.3183
59.2840,0.2993
59.2880,0.2897
59.2920,0.2716
59.2960,0.2329
59.3000,0.2301
59.3040,0.2269
59.3080,0.2080
59.3120,0.1753
59.3160,0.1386
59.3200,0.1411
59.3240,0.1347
59.3280,0.1091
59.3320,0.1029
59.3360,0.0950
59.3400,0.0705
59.3440,0.0991
59.3480,0.0764
59.3520,0.0435
59.3560,0.0694
59.3600,0.0733
59.3640,0.0888
59.3680,0.0730
59.3720,0.0443
59.3760,0.0566
59.3800,0.0561
59.3840,0.0746
59.3880,0.0750
59.3920,0.0287
59.3960,0.0802
59.4000,0.0645
59.4040,0.0374
59.4080,0.0472
59.4120,0.0475
59.4160,0.0397
59.4200,0.0106
59.4240,0.0842
59.4280,0.0688
59.4320,0.0682
59.4360,0.0572
59.4400,0.0491
59.4440,0.0718
59.4480,0.0459
59.4520,0.0454
59.4560,0.0266
59.4600,0.0455
59.4640,0.0722
59.4680,0.0747
59.4720,0.0415
59.4760,0.0255
59.4800,0.0369
59.4840,0.0231
59.4880,0.0743
59.4920,0.0283
59.4960,0.0690
59.5000,0.0468
59.5040,0.0830
59.5080,0.0463
59.5120,0.0601
59.5160,0.0338
59.5200,0.0606
59.5240,0.0668
59.5280,0.0639
59.5320,0.0338
59.5360,0.0512
59.5400,0.0452
59.5440,0.0968
59.5480,0.0666
59.5520,0.0530
59.5560,0.0572
59.5600,0.0158
59.5640,0.0623
59.5680,0.0552
59.5720,0.0372
59.5760,0.0340
59.5800,0.0655
59.5840,0.0605
59.5880,0.0473
59.5920,0.0214
59.5960,0.0415
59.6000,0.0607
59.6040,0.0838
59.6080,0.0804
59.6120,0.0373
59.6160,0.0357
59.6200,0.0241
59.6240,0.0630
59.6280,0.0787
59.6320,0.0354
59.6360,0.0813
59.6400,0.0524
59.6440,0.0936
59.6480,0.0838
59.6520,0.0896
59.6560,0.1185
59.6600,0.1385
59.6640,0.1902
59.6680,0.1621
59.6720,0.1661
59.6760,0.1741
59.6800,0.1750
59.6840,0.1858
59.6880,0.1621
59.6920,0.1457
59.6960,0.1229
59.7000,0.0941
59.7040,0.1131
59.7080,0.1017
59.7120,0.0828
59.7160,0.0445
59.7200,0.0894
59.7240,0.0747
59.7280,0.0521
59.7320,0.0492
59.7360,0.0407
59.7400,0.0752
59.7440,0.0372
59.7480,0.0575
59.7520,0.0501
59.7560,0.0437
59.7600,0.0381
59.7640,0.0432
59.7680,0.0390
59.7720,0.0332
59.7760,0.0279
59.7800,0.0462
59.7840,0.0106
59.7880,0.0201
59.7920,-0.0471
59.7960,-0.0743
59.8000,-0.0029
59.8040,0.0450
59.8080,0.1046
59.8120,0.2137
59.8160,0.3739
59.8200,0.5846
59.8240,0.8656
59.8280,1.0118
59.8320,1.0350
59.8360,0.8823
59.8400,0.7118
59.8440,0.4703
59.8480,0.2023
59.8520,-0.0029
59.8560,-0.1004
59.8600,-0.1697
59.8640,-0.1282
59.8680,-0.1161
59.8720,-0.0518
59.8760,-0.0085
59.8800,0.0284
59.8840,0.0419
59.8880,0.0745
59.8920,0.0126
59.8960,0.0398
59.9000,0.0679
59.9040,0.0559
59.9080,0.0385
59.9120,0.0404
59.9160,0.0267
59.9200,0.0335
59.9240,0.0356
59.9280,0.0507
59.9320,0.0273
59.9360,0.0332
59.9400,0.0722
59.9440,0.0541
59.9480,0.0665
59.9520,0.0685
59.9560,0.0464
59.9600,0.0414
59.9640,0.0600
59.9680,0.0823
59.9720,0.0828
59.9760,0.0621
59.9800,0.0731
59.9840,0.0854
59.9880,0.0728
59.9920,0.0692
59.9960,0.0908
